Name,Symbol,Fund Type,MasterDATA
AdvisorShares Accuvest Mars Hill Global Relative Value ETF,AGLS,Asset Allocation ETF,_
AdvisorShares Active Bear ETF,HDGE,US Equity ETF,_
AdvisorShares Cambria Global Tactical ETF,GTAA,Global Equity ETF,_
AdvisorShares Dent Tactical ETF,DENT,Global Equity ETF,_
AdvisorShares Madrona Forward Domestic ETF,FWDD,US Equity ETF,_
AdvisorShares Madrona Forward Global Bond ETF,FWDB,Fixed Income ETF,_
AdvisorShares Madrona Forward International ETF,FWDI,Global Equity ETF,_
AdvisorShares Meidell Tactical Advantage ETF,MATH,Global Equity ETF,_
AdvisorShares Peritus High Yield ETF,HYLD,Fixed Income ETF,_
AdvisorShares TrimTabs Float Shrink ETF,TTFS,US Equity ETF,_
AdvisorShares WCM/BNY Mellon Focused Growth ADR ETF,AADR,Global Equity ETF,_
ALPS Alerian MLP ETF,AMLP,US Equity ETF,_
ALPS Equal Sector Weight ETF,EQL,US Equity ETF,_
BARCLAYS ASIAN/GULF CURRENCY,PGD,ETN,_
BARCLAYS ETN+ DYN VEQTORTM,VQT,ETN,_
BARCLAYS ETN+LONG B S&P 500,BXUB,ETN,_
BARCLAYS ETN+LONG C S&P 500,BXUC,ETN,_
BARCLAYS ETN+SHORT B S&P 500,BXDB,ETN,_
BARCLAYS ETN+SHORT C S&P 500,BXDC,ETN,_
BARCLAYS GEMS ASIA-8 ETN,AYT,ETN,_
BARCLAYS GEMS INDEX ETN,JEM,ETN,_
BARCLAYS MIDDLE EAST NON-ETN,GULFX,ETN,_
CLAYMORE CEF GS CONNECT ETN,GCE,ETN,_
Claymore Wilshire 4500 Completion ETF,WXSP,US Equity ETF,_
Claymore Wilshire 5000 Total Market ETF,WFVK,US Equity ETF,_
Claymore Wilshire Micro-Cap ETF,WMCR,US Equity ETF,_
Claymore Wilshire US REIT ETF,WREI,US Equity ETF,_
Cohen & Steers Global Realty Majors ETF,GRI,Global Equity ETF,_
Columbia Concentrated Large Cap Value Strategy ETF,GVT,US Equity ETF,_
Columbia Core Bond Strategy ETF,GMTB,Fixed Income ETF,_
Columbia Growth Equity Strategy ETF,RPX,US Equity ETF,_
Columbia Intermediate Municipal Bond Strategy ETF,GMMB,Fixed Income ETF,_
Columbia Large-Cap Growth Equity Strategy ETF,RWG,US Equity ETF,_
Credit Suisse 2x Levered Merger Arbitrage ETN,CSMB,ETN,_
Credit Suisse Long Short Equity ETN,CSLS,ETN,_
Credit Suisse Market Neut Global Eq ETN,CSMN,ETN,_
Credit Suisse Master Limited Partnerships ETN,MLPN,ETN,_
Credit Suisse Merger Arbitrage ETN,CSMA,ETN,_
C-Tracks Linked to the CVOLT Index ETN,CVOL,ETN,_
DBX MSCI Brazil Currency-Hedged Equity Fund ETF,DBBR,Commodity Based ETF,_
DBX MSCI Canada Currency-Hedged Equity Fund ETF,DBCN,Commodity Based ETF,_
DBX MSCI EAFE Currency-Hedged Equity Fund ETF,DBEF,Commodity Based ETF,_
DBX MSCI Emerging Markets Currency-Hedged Equity Fund ETF,DBEM,Commodity Based ETF,_
DBX MSCI Japan Currency-Hedged Equity Fund ETF,DBJP,Commodity Based ETF,_
DBX TDX Independence 2010 ETF,TDD,Fixed Income ETF,_
DBX TDX Independence 2020 ETF,TDH,Fixed Income ETF,_
DBX TDX Independence 2030 ETF,TDN,Fixed Income ETF,_
DBX TDX Independence 2040 ETF,TDV,Fixed Income ETF,_
DBX TDX Independence In-Target ETF,TDX,Fixed Income ETF,_
Direxion All Cap Insider Sentiment Shrs ETF,KNOW,US Equity ETF,_
Direxion Daily 10-Yr Treasury Bear 3x Shrs ETF,TYO,Commodity Based ETF,_
Direxion Daily 10-Yr Treasury Bull 3x Shrs ETF,TYD,Commodity Based ETF,_
Direxion Daily 20+ Year Treasury Bear 1x Shares ETF,TYBS,Commodity Based ETF,_
Direxion Daily 30-Yr Treasury Bear 3x Shrs ETF,TMV,Commodity Based ETF,_
Direxion Daily 30-Yr Treasury Bull 3x Shrs ETF,TMF,Commodity Based ETF,_
Direxion Daily 7-10 Year Treasury Bear 1x Shares ETF,TYNS,Commodity Based ETF,_
Direxion Daily Agribusiness Bear 3x Shares ETF,COWS,Commodity Based ETF,_
Direxion Daily Agribusiness Bull 3x Shares ETF,COWL,Commodity Based ETF,_
Direxion Daily Basic Materials Bear 3X Shares ETF,MATS,US Equity ETF,_
Direxion Daily Basic Materials Bull 3x Shares ETF,MATL,US Equity ETF,_
Direxion Daily BRIC Bear 2x Shares ETF,BRIS,Commodity Based ETF,_
Direxion Daily BRIC Bull 2x Shares ETF,BRIL,Commodity Based ETF,_
Direxion Daily China 3X Bear Shares ETF,YANG,Commodity Based ETF,_
Direxion Daily China 3X Bull Shares ETF,YINN,Commodity Based ETF,_
Direxion Daily Gold Miners Bear 2x Shares ETF,DUST,Commodity Based ETF,_
Direxion Daily Gold Miners Bull 2x Shares ETF,NUGT,Commodity Based ETF,_
Direxion Daily Healthcare Bear 3X Shares ETF,SICK,US Equity ETF,_
Direxion Daily Healthcare Bull 3X Shares ETF,CURE,US Equity ETF,_
Direxion Daily India Bear 2x Shares ETF,INDZ,Commodity Based ETF,_
Direxion Daily India Bull 2x Shares ETF,INDL,Commodity Based ETF,_
Direxion Daily Latin America 3x Bear Shrs ETF,LHB,Commodity Based ETF,_
Direxion Daily Latin America 3x Bull Shrs ETF,LBJ,Commodity Based ETF,_
Direxion Daily Natural Gas Related Bear 2x Shares ETF,GASX,Commodity Based ETF,_
Direxion Daily Natural Gas Related Bull 2x Shares ETF,GASL,Commodity Based ETF,_
Direxion Daily Real Estate Bear 3x Shares ETF,DRV,Commodity Based ETF,_
Direxion Daily Real Estate Bull 3x Shares ETF,DRN,Commodity Based ETF,_
Direxion Daily Retail Bear 2x Shares ETF,RETS,Commodity Based ETF,_
Direxion Daily Retail Bull 2x Shares ETF,RETL,Commodity Based ETF,_
Direxion Daily Russia Bear 3x Shares ETF,RUSS,Commodity Based ETF,_
Direxion Daily Russia Bull 3x Shares ETF,RUSL,Commodity Based ETF,_
Direxion Daily Semiconductor Bear 3x Shares ETF,SOXS,Commodity Based ETF,2
Direxion Daily Semiconductor Bull 3x Shares ETF,SOXL,Commodity Based ETF,2
Direxion Daily Total Market Bear 1X Shares ETF,TOTS,US Equity ETF,_
Direxion Developed Markets Bear 3x Shares ETF,DPK,Commodity Based ETF,_
Direxion Developed Markets Bull 3x Shares ETF,DZK,Commodity Based ETF,_
Direxion Emerging Markets Bear 3x Shares ETF,EDZ,Commodity Based ETF,_
Direxion Emerging Markets Bull 3x Shares ETF,EDC,Commodity Based ETF,_
Direxion Energy Bear 3x Shares ETF,ERY,Commodity Based ETF,_
Direxion Energy Bull 3x Shares ETF,ERX,Commodity Based ETF,_
Direxion Financial Bear 3x Shares ETF,FAZ,Commodity Based ETF,_
Direxion Financial Bull 3x Shares ETF,FAS,Commodity Based ETF,_
Direxion Large Cap Bear 3x Shares ETF,BGZ,Commodity Based ETF,2
Direxion Large Cap Bull 3x Shares ETF,BGU,Commodity Based ETF,2
Direxion Lg Cap Insider Sentiment Shares ETF,INSD,Commodity Based ETF,_
Direxion Mid Cap Bear 3x Shares ETF,MWN,Commodity Based ETF,_
Direxion Mid Cap Bull 3x Shares ETF,MWJ,Commodity Based ETF,_
Direxion S&P 1500 RC Volatility Res Shrs,VSPR,,_
Direxion S&P 500 RC Volatility Res Shrs,VSPY,,_
Direxion S&P Lat Am 40 RC Volat Res Shrs,VLAT,,_
Direxion Small Cap Bear 3x Shares ETF,TZA,Commodity Based ETF,2
Direxion Small Cap Bull 3x Shares ETF,TNA,Commodity Based ETF,2
Direxion Technology Bear 3x Shares ETF,TYP,Commodity Based ETF,_
Direxion Technology Bull 3x Shares ETF,TYH,Commodity Based ETF,_
Direxion Total Bond Market Bear 1x Shares ETF,SAGG,Commodity Based ETF,_
EGShares Basic Materials GEMS ETF,LGEM,Global Equity ETF,_
EGShares Brazil Infrastructure ETF,BRXX,Global Equity ETF,_
EGShares China Infrastructure ETF,CHXX,Global Equity ETF,_
EGShares Composite GEMS ETF,AGEM,Global Equity ETF,_
EGShares Consumer Goods GEMS ETF,GGEM,Global Equity ETF,_
EGShares Consumer Services GEMS ETF,VGEM,Global Equity ETF,_
EGShares Emerging Markets Consumer ETF,ECON,Global Equity ETF,_
EGShares Emerging Markets Metals/Mining ETF,EMT,Global Equity ETF,_
EGShares Energy GEMS ETF,OGEM,Global Equity ETF,_
EGShares Financials GEMS ETF,FGEM,Global Equity ETF,_
EGShares Health Care GEMS ETF,HGEM,Global Equity ETF,_
EGShares India Consumer ETF,INCO,Global Equity ETF,_
EGShares India Infrastructure ETF,INXX,Global Equity ETF,_
EGShares India Small Cap ETF,SCIN,Global Equity ETF,_
EGShares Industrials GEMS ETF,IGEM,Global Equity ETF,_
EGShares Low Volatility Emerging Markets Dividend ETF,HILO,Global Equity ETF,_
EGShares Technology GEMS ETF,QGEM,Global Equity ETF,_
EGShares Telecom GEMS ETF,TGEM,Global Equity ETF,_
EGShares Utilities GEMS ETF,UGEM,Global Equity ETF,_
ELEMENTS - 'Dogs of the Dow' Linked to the Dow Jones High Yield Select 10 Total Return Index ETN,DOD,ETN,_
ELEMENTS Linked to the Credit Suisse Global Warming Index Exchange Series ETN,GWO,ETN,_
ELEMENTS Linked to the MLCX Grains Index ETN,GRU,ETN,_
ELEMENTS Linked to the Morningstar® Wide Moat FocusSM Total Return Index ETN,WMW,ETN,_
ELEMENTS Linked to the Rogers International Commodity Index® – Agriculture Total Return ETN,RJA,ETN,_
ELEMENTS Linked to the Rogers International Commodity Index® – Energy Total Return ETN,RJN,ETN,_
ELEMENTS Linked to the Rogers International Commodity Index® – Metals Total Return ETN,RJZ,ETN,_
ELEMENTS Linked to the Rogers International Commodity Index® ETN,RJI,ETN,_
ELEMENTS Linked to the S&P Commodity Trends Indicator ETN,LSC,ETN,_
ELEMENTS Linked to the SPECTRUM Large Cap U.S. Sector Momentum Index ETN,EEH,ETN,_
ELEMENTS SM Linked to the MLCX Biofuels Index (Exchange Series) ETN,FUE,ETN,_
ESG Shares North America Sustainability Index ETF,NASI,Global Equity ETF,_
ESG Shares Pax MSCI EAFE ESG Index ETF,EAPS,Global Equity ETF,_
ETFS Physical Asian Gold Shares ETF,AGOL,Commodity Based ETF,_
ETFS Physical Palladium Shares ETF,PALL,Commodity Based ETF,_
ETFS Physical Platinum Shares ETF,PPLT,Commodity Based ETF,_
ETFS Physical Precious Metals Basket Shares ETF,GLTR,Commodity Based ETF,_
ETFS Physical Swiss Gold Shares ETF,SGOL,Commodity Based ETF,_
ETFS Silver Trust ETF,SIVR,Commodity Based ETF,_
ETFS White Metals Basket Trust ETF,WITE,Commodity Based ETF,_
ETRACS 1Mo S&P 500 VIX Futures ETN,VXAA,ETN,_
ETRACS 1xMonthly Short Alerian MLP Infrastructure TR* ETN,MLPS,ETN,_
ETRACS 2Mo S&P 500 VIX Futures ETN,VXBB,ETN,_
ETRACS 2x ISE Solid State Drive ETN,SSDL,ETN,_
ETRACS 2xLeveraged Long Wells Fargo Business Development Company Index ETN,BDCL,ETN,_
ETRACS 2xMonthly Leveraged Long Alerian MLP Infrastructure ETN,MLPL,ETN,_
ETRACS 3Mo S&P 500 VIX Futures ETN,VXCC,ETN,_
ETRACS 4Mo S&P 500 VIX Futures ETN,VXDD,ETN,_
ETRACS 5Mo S&P 500 VIX Futures ETN,VXEE,ETN,_
ETRACS 6Mo S&P 500 VIX Futures ETN,VXFF,ETN,_
ETRACS Alerian MLP Infrastructure ETN,MLPI,ETN,_
ETRACS Alerian Natural Gas MLP ETN,MLPG,ETN,_
ETRACS CMCI Agriculture TR ETN,UAG,ETN,_
ETRACS CMCI Energy TR ETN,UBN,ETN,_
ETRACS CMCI Food TR ETN,FUD,ETN,_
ETRACS CMCI Gold TR ETN,UBG,ETN,_
ETRACS CMCI Industrial Metals TR ETN,UBM,ETN,_
ETRACS CMCI Livestock TR ETN,UBC,ETN,_
ETRACS CMCI Long Platinum TR ETN,PTM,ETN,_
ETRACS CMCI Short Platinum ER ** ETN,PTD,ETN,_
ETRACS CMCI Silver TR ETN,USV,ETN,_
ETRACS CMCI TR* ETN,UCI,ETN,_
ETRACS Daily Long-Short VIX ETN,XVIX,ETN,_
ETRACS DJ-UBS Commodity Index TR ETN,DJCI,ETN,_
ETRACS Dly Sh 1Mo S&P500 VIX Fu ETN,AAVX,ETN,_
ETRACS Dly Sh 2Mo S&P500 VIX Fu ETN,BBVX,ETN,_
ETRACS Dly Sh 3Mo S&P500 VIX Fu ETN,CCVX,ETN,_
ETRACS Dly Sh 4Mo S&P500 VIX Fu ETN,DDVX,ETN,_
ETRACS Dly Sh 5Mo S&P500 VIX Fu ETN,EEVX,ETN,_
ETRACS Dly Sh 6Mo S&P500 VIX Fu ETN,FFVX,ETN,_
ETRACS Fisher-Gartman Risk Off ETN,OFF,ETN,_
ETRACS Fisher-Gartman Risk On ETN,ONN,ETN,_
ETRACS Internet IPO ETN,EIPL,ETN,_
ETRACS ISE Solid State Drive ETN,SSDD,ETN,_
ETRACS Monthly 2x ISE Cloud Comput ETN,LSKY,ETN,_
ETRACS Monthly 2xLeveraged Internet IPO,EIPO,ETN,_
ETRACS Natural Gas Futures Contango ETN,GASZ,ETN,_
ETRACS Oil Futures Contango ETN,OILZ,ETN,_
ETRACS S&P 500 Gold Hedged Index ETN,SPGH,ETN,_
ETRACS Wells Fargo Business Development Company Index ETN,BDCS,ETN,_
ETRACS Wells Fargo MLP Index ETN,MLPW,ETN,_
FactorShares 2X: Gold Bull/S&P500 Bear ETF,FSG,Commodity Based ETF,_
FactorShares 2X: Oil Bull/S&P500 Bear ETF,FOL,Commodity Based ETF,_
FactorShares 2X: S&P500 Bull/TBond Bear ETF,FSE,Commodity Based ETF,_
FactorShares 2X: S&P500 Bull/USD Bear ETF,FSU,Commodity Based ETF,_
FactorShares 2X: TBond Bull/S&P500 Bear ETF,FSA,Commodity Based ETF,_
Fidelity Nasdaq Composite Index Tracking Stock ETF,ONEQ,US Equity ETF,_
First Trust Amex Biotech Index Fund ETF,FBT,US Equity ETF,1
First Trust Asia Pacific Ex-Japan AlphaDEX ETF,FPA,Global Equity ETF,_
First Trust BICK Index Fund ETF,BICK,Global Equity ETF,_
First Trust Brazil AlphaDEX ETF,FBZ,Global Equity ETF,_
First Trust China AlphaDEX ETF,FCA,Global Equity ETF,_
First Trust Cons. Discret. AlphaDEX ETF,FXD,US Equity ETF,2
First Trust Cons. Staples AlphaDEX ETF,FXG,US Equity ETF,_
First Trust DB Strategic Value ETF,FDV,US Equity ETF,_
First Trust Developed Markets Ex-US AlphaDEX ETF,FDT,Global Equity ETF,_
First Trust DJ Global Select Dividend ETF,FGD,Global Equity ETF,_
First Trust DJ Internet Index Fund ETF,FDN,US Equity ETF,2
First Trust DJ Select MicroCap ETF,FDM,US Equity ETF,2
First Trust Dow Jones STOXX Select Dividend 30 Index Fund ETF,FDD,Global Equity ETF,_
First Trust Emerging Markets AlphaDEX ETF,FEM,Global Equity ETF,_
First Trust Energy AlphaDEX Fund ETF,FXN,US Equity ETF,1
First Trust Europe AlphaDEX ETF,FEP,Global Equity ETF,_
First Trust Financials AlphaDEX ETF,FXO,US Equity ETF,2
First Trust FTSE EPRA/NAREIT Global Real Estate Index Fund ETF,FFR,Global Equity ETF,_
First Trust Health Care AlphaDEX ETF,FXH,US Equity ETF,_
First Trust Industrials AlphaDEX ETF,FXR,US Equity ETF,_
First Trust IPOX-100 Index Fund ETF,FPX,US Equity ETF,_
First Trust ISE Chindia ETF,FNI,US Equity ETF,1
First Trust ISE Cloud Computing Index Fund ETF,SKYY,Global Equity ETF,_
First Trust ISE Global Copper Index Fund ETF,CU,Global Equity ETF,_
First Trust ISE Global Engineering and Construction Index Fund ETF,FLM,Global Equity ETF,_
First Trust ISE Global Platinum Index Fund ETF,PLTM,Global Equity ETF,_
First Trust ISE Global Wind Energy ETF,FAN,Global Equity ETF,_
First Trust ISE Water Index Fund ETF,FIW,US Equity ETF,_
First Trust ISE-Revere Natural Gas ETF,FCG,US Equity ETF,2
First Trust Japan AlphaDEX ETF,FJP,Global Equity ETF,_
First Trust Large Cap Core AlphaDEX ETF,FEX,US Equity ETF,1
First Trust Large Cap Growth Opportunities AlphaDEX Fund ETF,FTC,US Equity ETF,1
First Trust Large Cap Value Opportunities AlphaDEX Fund ETF,FTA,US Equity ETF,1
First Trust Latin America AlphaDEX ETF,FLN,Global Equity ETF,_
First Trust Materials AlphaDEX Fund ETF,FXZ,US Equity ETF,2
First Trust Mega Cap AlphaDex,FMK,US Equity ETF,_
First Trust Mid Cap Core AlphaDEX ETF,FNX,US Equity ETF,1
First Trust Mid Cap Growth AlphaDEX ETF,FNY,US Equity ETF,_
First Trust Mid Cap Value AlphaDEX ETF,FNK,US Equity ETF,_
First Trust Morningstar ETF,FDL,US Equity ETF,2
First Trust Multi Cap Value AlphaDEX Fund ETF,FAB,US Equity ETF,_
First Trust Multi CG AlphaDEX ETF,FAD,US Equity ETF,_
First Trust NASDAQ ABA Community Bank Index Fund ETF,QABA,US Equity ETF,_
First Trust NASDAQ CEA Smartphone Index Fund ETF,FONE,Global Equity ETF,_
First Trust NASDAQ Clean Edge Smart Grid Infrastructure Index Fund ETF,GRID,Global Equity ETF,_
First Trust NASDAQ Clean Edge U.S. Liquid Series Index Fund ETF,QCLN,US Equity ETF,_
First Trust NASDAQ Global Auto ETF,CARZ,Global Equity ETF,_
First Trust NASDAQ-100 Equal Weighted IndexSMFund ETF,QQEW,US Equity ETF,_
First Trust NASDAQ-100 Ex-Technology Sector Index Fund ETF,QQXT,US Equity ETF,_
First Trust NASDAQ-100-Technology Sector Index Fund ETF,QTEC,US Equity ETF,2
First Trust S&P REIT Index Fund ETF,FRI,US Equity ETF,1
First Trust Small Cap Core AlphaDEX ETF,FYX,US Equity ETF,2
First Trust Small Cap Growth AlphaDEX ETF,FYC,US Equity ETF,_
First Trust Small Cap Value AlphaDEX ETF,FYT,US Equity ETF,_
First Trust South Korea AlphaDEX ETF,FKO,Global Equity ETF,_
First Trust Technology AlphaDEX ETF,FXL,US Equity ETF,1
First Trust Utilities AlphaDEX® Fund ETF,FXU,US Equity ETF,_
First Trust Value Line 100 Fund ETF,FVL,US Equity ETF,2
First Trust VL Dividend ETF,FVD,US Equity ETF,1
First Trust VL Equity Allocation ETF,FVI,US Equity ETF,_
FlexShares iBoxx 3-Year Target Duration TIPS Index Fund ETF,TDTT,Fixed Income ETF,_
FlexShares iBoxx 5-Year Target Duration TIPS Index Fund ETF,TDTF,Fixed Income ETF,_
FlexShares Morningstar Global Upstream Natural Resources Index Fund ETF,GUNR,Global Equity ETF,_
FlexShares Morningstar U.S. Market Factor Tilt Index Fund ETF,TILT,US Equity ETF,_
Focus Morningstar Basic Materials Index ETF,FBM,US Equity ETF,_
Focus Morningstar Communication Services Index ETF,FCQ,US Equity ETF,_
Focus Morningstar Consumer Cyclical Index ETF,FCL,US Equity ETF,_
Focus Morningstar Consumer Defensive Index ETF,FCD,US Equity ETF,_
Focus Morningstar Energy Index ETF,FEG,US Equity ETF,_
Focus Morningstar Financial Services Index ETF,FFL,US Equity ETF,_
Focus Morningstar Health Care Index ETF,FHC,US Equity ETF,_
Focus Morningstar Industrials Index ETF,FIL,US Equity ETF,_
Focus Morningstar Large Cap Index ETF,FLG,US Equity ETF,_
Focus Morningstar Mid Cap Index ETF,FMM,US Equity ETF,_
Focus Morningstar Real Estate Index ETF,FRL,US Equity ETF,_
Focus Morningstar Small Cap Index ETF,FOS,US Equity ETF,_
Focus Morningstar Technology Index ETF,FTQ,US Equity ETF,_
Focus Morningstar US Market Index ETF,FMU,US Equity ETF,_
Focus Morningstar Utilities Index ETF,FUI,US Equity ETF,_
Globak X Pure Gold Miners ETF,GGGG,Global Equity ETF,_
Globak X S&P/TSX Venture 30 Canada ETF,TSXV,Global Equity ETF,_
Global X Aluminum ETF,ALUM,Global Equity ETF,_
Global X Auto ETF,VROM,Global Equity ETF,_
Global X Brazil Consumer ETF,BRAQ,Global Equity ETF,_
Global X Brazil Financials ETF,BRAF,Global Equity ETF,_
Global X Brazil Mid Cap ETF,BRAZ,Global Equity ETF,_
Global X Canada Preferred ETF,CNPF,Fixed Income ETF - Equity,_
Global X China Consumer ETF,CHIQ,Global Equity ETF,_
Global X China Energy ETF,CHIE,Global Equity ETF,_
Global X China Financials ETF,CHIX,Global Equity ETF,_
Global X China Industrials ETF,CHII,Global Equity ETF,_
Global X China Materials ETF,CHIM,Global Equity ETF,_
Global X Copper Miners ETF,COPX,Global Equity ETF,_
Global X Farming ETF,BARN,Global Equity ETF,_
Global X Fertilizers/Potash ETF,SOIL,Global Equity ETF,_
Global X Fishing Industry ETF,FISN,Global Equity ETF,_
Global X Food ETF,EATX,Global Equity ETF,_
Global X FTSE Andean 40 ETF,AND,Global Equity ETF,_
Global X FTSE Argentina 20 ETF,ARGT,Global Equity ETF,_
Global X FTSE ASEAN 40 ETF,ASEA,Global Equity ETF,_
Global X FTSE Greece 20 ETF,GREK,Global Equity ETF,_
Global X FTSE Nordic 30 ETF,GXF,Global Equity ETF,_
Global X FTSE Norway 30 ETF,NORW,Global Equity ETF,_
Global X Gold Explorers ETF,GLDX,Global Equity ETF,_
Global X Interbolsa FTSE Colombia 20 ETF,GXG,Global Equity ETF,_
Global X Lithium ETF,LIT,Global Equity ETF,_
Global X Mexico Small Cap ETF,MEXS,Global Equity ETF,_
Global X NASDAQ 400 Mid Cap ETF,QQQM,US Equity ETF,_
Global X NASDAQ 500 ETF,QQQV,US Equity ETF,_
Global X NASDAQ China Technology ETF,QQQC,Global Equity ETF,_
Global X Oil Equities ETF,XOIL,Global Equity ETF,_
Global X Russell Emerging Market ETF,EMGX,Global Equity ETF,_
Global X Russell Emerging Market ETF,EMVX,Global Equity ETF,_
Global X Silver Miners ETF,SIL,Global Equity ETF,_
Global X Social Media Index ETF,SOCL,Global Equity ETF,_
Global X SuperDividend ETF,SDIV,Global Equity ETF,_
Global X Uranium ETF,URA,Global Equity ETF,_
Global X Waste Management ETF,WSTE,Global Equity ETF,_
GreenHaven Continuous Commodity Index Fund ETF,GCC,Commodity Based ETF,_
GS CONNECT S&P GSCI ENH COMM,GSC,ETN,_
Guggenheim ABC High Dividend ETF,ABCS,Global Equity ETF,_
Guggenheim Airline ETF,FAA,Global Equity ETF,_
Guggenheim BRIC ETF,EEB,Global Equity ETF,_
Guggenheim BulletShares 2012 Corporate Bond ETF,BSCC,Fixed Income ETF,_
Guggenheim BulletShares 2012 High Yield Corporate Bond ETF,BSJC,Fixed Income ETF,_
Guggenheim BulletShares 2013 Corporate Bond ETF,BSCD,Fixed Income ETF,_
Guggenheim BulletShares 2013 High Yield Corporate Bond ETF,BSJD,Fixed Income ETF,_
Guggenheim BulletShares 2014 Corporate Bond ETF,BSCE,Fixed Income ETF,_
Guggenheim BulletShares 2014 High Yield Corporate Bond ETF,BSJE,Fixed Income ETF,_
Guggenheim BulletShares 2015 Corporate Bond ETF,BSCF,Fixed Income ETF,_
Guggenheim BulletShares 2015 High Yield Corporate Bond ETF,BSJF,Fixed Income ETF,_
Guggenheim BulletShares 2016 Corporate Bond ETF,BSCG,Fixed Income ETF,_
Guggenheim BulletShares 2017 Corporate Bond ETF,BSCH,Fixed Income ETF,_
Guggenheim Canadian Energy Income ETF,ENY,Global Equity ETF,_
Guggenheim China All-Cap ETF,YAO,Global Equity ETF,_
Guggenheim China Real Estate ETF,TAO,Global Equity ETF,_
Guggenheim China Small Cap ETF,HAO,Global Equity ETF,_
Guggenheim China Technology ETF,CQQQ,Global Equity ETF,_
Guggenheim Defensive Equity ETF,DEF,US Equity ETF,_
Guggenheim Enhanced Core Bond ETF,GIY,Fixed Income ETF,_
Guggenheim Enhanced Ultra-Short Bond ETF,GSY,Commodity Based ETF,_
Guggenheim EW Euro-Pacific LDRs ETF,EEN,Global Equity ETF,_
Guggenheim Frontier Markets ETF,FRN,Global Equity ETF,_
Guggenheim Insider Sentiment ETF,NFO,US Equity ETF,1
Guggenheim International Multi-Asset Income ETF,HGI,Global Equity ETF,_
Guggenheim International Small Cap LDRs ETF,XGC,Global Equity ETF,_
Guggenheim Mid-Cap Core ETF,CZA,US Equity ETF,_
Guggenheim Multi-Asset Income ETF,CVY,Fixed Income ETF,_
Guggenheim Ocean Tomo Growth Index ETF,OTR,US Equity ETF,_
Guggenheim Ocean Tomo Patent ETF,OTP,US Equity ETF,_
Guggenheim Raymond James SB-1 Equity ETF,RYJ,US Equity ETF,_
Guggenheim S&P Global Dividend Opportunities Index ETF,LVL,Global Equity ETF,_
Guggenheim S&P Global Water Index ETF,CGW,Global Equity ETF,_
Guggenheim Sector Rotation ETF,XRO,US Equity ETF,_
Guggenheim Shipping ETF,SEA,Global Equity ETF,_
Guggenheim Solar ETF,TAN,Global Equity ETF,_
Guggenheim Spin-Off ETF,CSD,US Equity ETF,_
Guggenheim Timber ETF,CUT,Global Equity ETF,_
Guggenheim Yuan Bond ETF,RMB,Fixed Income ETF,_
IndexIQ ARB Global Resources ETF,GRES,Asset Allocation ETF,_
IndexIQ ARB Merger Arbitrage ETF,MNA,Asset Allocation ETF,_
IndexIQ Australia Small Cap ETF,KROO,Global Equity ETF,_
IndexIQ Canada Small Cap ETF,CNDA,Global Equity ETF,_
IndexIQ CPI Inflation Hedged ETF,CPI,Asset Allocation ETF,_
IndexIQ Global Agribusiness Small Cap ETF,CROP,Global Equity ETF,_
IndexIQ Global Oil Small Cap ETF,IOIL,Global Equity ETF,_
IndexIQ Hedge Macro Tracker ETF,MCRO,Asset Allocation ETF,_
IndexIQ Hedge Multi-Strategy Tracker ETF,QAI,Asset Allocation ETF,_
IndexIQ South Korea Small Cap ETF,SKOR,Global Equity ETF,_
IndexIQ US Real Estate Small Cap ETF,ROOF,US Equity ETF,_
iPath CBOE S&P 500 BuyWrite IndexSM ETN,BWV,ETN,_
iPath Dow Jones-UBS Agriculture Subindex Total ReturnSM ETN,JJA,ETN,_
iPath Dow Jones-UBS Aluminum Subindex Total ReturnSM ETN,JJU,ETN,_
iPath Dow Jones-UBS Cocoa Subindex Total ReturnSM ETN,NIB,ETN,_
iPath Dow Jones-UBS Coffee Subindex Total ReturnSM ETN,JO,ETN,_
iPath Dow Jones-UBS Commodity Index Total ReturnSM ETN,DJP,ETN,_
iPath Dow Jones-UBS Copper Subindex Total ReturnSM ETN,JJC,ETN,_
iPath Dow Jones-UBS Cotton Subindex Total ReturnSM ETN,BAL,ETN,_
iPath Dow Jones-UBS Energy Subindex Total ReturnSM ETN,JJE,ETN,_
iPath Dow Jones-UBS Grains Subindex Total ReturnSM ETN,JJG,ETN,_
iPath Dow Jones-UBS Industrial Metals Subindex Total ReturnSM ETN,JJM,ETN,_
iPath Dow Jones-UBS Lead Subindex Total ReturnSM ETN,LD,ETN,_
iPath Dow Jones-UBS Natural Gas Subindex Total ReturnSM ETN,GAZ,ETN,_
iPath Dow Jones-UBS Nickel Subindex Total ReturnSM ETN,JJN,ETN,_
iPath Dow Jones-UBS Platinum Subindex Total ReturnSM ETN,PGM,ETN,_
iPath Dow Jones-UBS Precious Metals Subindex Total ReturnSM ETN,JJP,ETN,_
iPath Dow Jones-UBS Softs Subindex Total ReturnSM ETN,JJS,ETN,_
iPath Dow Jones-UBS Sugar Subindex Total ReturnSM ETN,SGG,ETN,_
iPath Dow Jones-UBS Tin Subindex Total ReturnSM ETN,JJT,ETN,_
iPath EUR/USD Exchange Rate ETN,ERO,ETN,_
iPath GBP/USD Exchange Rate ETN,GBB,ETN,_
iPath Global Carbon ETN,GRN,ETN,_
iPath Inverse January 2021 S&P 500 VIX Short-Term Futures ETN,IVO,ETN,_
iPath Inverse S&P 500 VIX Short-Term Futures ETN,XXV,ETN,_
iPath Inverse S&P 500 VIX ST Fut ETN,IVOP,ETN,_
iPath JPY/USD Exchange Rate ETN,JYN,ETN,_
IPATH LE S&P 500 VIX MID,VZZB,ETN,_
iPath Long Enhanced MSCI EAFE Index ETN,MFLA,ETN,_
iPath Long Enhanced MSCI Emerging Markets Index ETN,EMLB,ETN,_
iPath Long Extended Russell 1000 TR Index ETN,ROLA,ETN,_
iPath Long Extended Russell 2000 TR Index ETN,RTLA,ETN,_
iPath Long Extended S&P 500 TR Index ETN,SFLA,ETN,_
iPath MSCI India IndexSM ETN,INP,ETN,_
iPath Optimized Currency Carry ETN,ICI,ETN,_
iPath Pure Beta Agriculture ETN,DIRT,ETN,_
iPath Pure Beta Aluminum ETN,FOIL,ETN,_
iPath Pure Beta Broad Commodity ETN,BCM,ETN,_
iPath Pure Beta Cocoa ETN,CHOC,ETN,_
iPath Pure Beta Coffee ETN,CAFE,ETN,_
iPath Pure Beta Copper ETN,CUPM,ETN,_
iPath Pure Beta Cotton ETN,CTNN,ETN,_
iPath Pure Beta Crude Oil ETN,OLEM,ETN,_
iPath Pure Beta Energy ETN,ONG,ETN,_
iPath Pure Beta Grains ETN,WEET,ETN,_
iPath Pure Beta Industrial Metals ETN,HEVY,ETN,_
iPath Pure Beta Lead ETN,LEDD,ETN,_
iPath Pure Beta Livestock ETN,LSTK,ETN,_
iPath Pure Beta Nickel ETN,NINI,ETN,_
iPath Pure Beta Precious Metals ETN,BLNG,ETN,_
iPath Pure Beta S&P GSCI-Weighted ETN,SBV,ETN,_
iPath Pure Beta Softs ETN,GRWN,ETN,_
iPath Pure Beta Sugar ETN,SGAR,ETN,_
IPATH S&P 500 DYNAMIC VIX ET,XVZ,ETN,_
iPath S&P 500 VIX Mid-Term Futures™ ETN,VXZ,ETN,_
iPath S&P 500 VIX Short-Term Futures ETN,VXX,ETN,_
iPath S&P GSCI Crude Oil Total Return Index ETN,OIL,ETN,_
iPath S&P GSCI Total Return Index ETN,GSP,ETN,_
iPath Seasonal Natural Gas ETN,DCNG,ETN,_
iPath Short Enhanced MSCI EAFE Index ETN,MFSA,ETN,_
iPath Short Enhanced MSCI Emerging Markets Index ETN,EMSA,ETN,_
iPath Short Extended Russell 1000 TR Index ETN,ROSA,ETN,_
iPath Short Extended Russell 2000 TR Index ETN,RTSA,ETN,_
iPath Short Extended S&P 500 TR Index ETN,SFSA,ETN,_
iPath US Treasury 10-year Bear ETN,DTYS,ETN,_
iPath US Treasury 10-year Bull ETN,DTYL,ETN,_
iPath US Treasury 2-year Bear ETN,DTUS,ETN,_
iPath US Treasury 2-year Bull ETN,DTUL,ETN,_
IPATH US TREASURY 5 YR BEAR,DFVS,ETN,_
IPATH US TREASURY 5-YR BULL,DFVL,ETN,_
iPath US Treasury Flattener ETN,FLAT,ETN,_
iPath US Treasury Long Bond Bear ETN,DLBS,ETN,_
iPath US Treasury Long Bond Bull ETN,DLBL,ETN,_
iPath US Treasury Steepener ETN,STPP,ETN,_
IQ Emerging Markets Mid Cap ETF,EMER,Global Equity ETF,_
iShares MSCI Global Agriculture Producers Fund ETF,VEGI,Global Equity ETF,_
iShares MSCI Global Energy Producers Fund ETF,FILL,Global Equity ETF,_
iShares MSCI Global Select Metals & Mining Producers Fund ETF,PICK,Global Equity ETF,_
iShares MSCI Global Gold Miners Fund ETF,RING,Global Equity ETF,_
iShares MSCI Global Silver Miners Fund ETF,SLVP,Global Equity ETF,_
iShares 10+ Year Credit Bond Fund ETF,CLY,Fixed Income ETF,_
iShares 10+ Year Government/Credit Bond Fund ETF,GLJ,Fixed Income ETF,_
iShares 2012 S&P AMT-Free Municipal Series ETF,MUAA,Fixed Income ETF,_
iShares 2013 S&P AMT-Free Municipal Series ETF,MUAB,Fixed Income ETF,_
iShares 2014 S&P AMT-Free Municipal Series ETF,MUAC,Fixed Income ETF,_
iShares 2015 S&P AMT-Free Municipal Series ETF,MUAD,Fixed Income ETF,_
iShares 2016 S&P AMT-Free Municipal Series ETF,MUAE,Fixed Income ETF,_
iShares 2017 S&P AMT-Free Municipal Series ETF,MUAF,Fixed Income ETF,_
iShares A79MSCI Philippines Investable Market Index Fund (EPHE) ETF,EPHE,Global Equity ETF,_
iShares Barclays 0-5 Year TIPS ETF,STIP,Fixed Income ETF,_
iShares Barclays 10-20 Year Treasury Bond Fund ETF,TLH,Fixed Income ETF,_
iShares Barclays 1-3 Year Credit Bond Fund ETF,CSJ,Fixed Income ETF,_
iShares Barclays 1-3 Year Treasury Bond Fund ETF,SHY,Fixed Income ETF,_
iShares Barclays 20 Year Treasury Bond Fund ETF,TLT,Fixed Income ETF,_
iShares Barclays 3-7 Year Treasury Bond Fund ETF,IEI,Fixed Income ETF,_
iShares Barclays 7-10 Year Treasury Bond Fund ETF,IEF,Fixed Income ETF,_
iShares Barclays Agency Bond Fund ETF,AGZ,Fixed Income ETF,_
iShares Barclays Aggregate ETF,AGG,Fixed Income ETF,_
iShares Barclays Credit Bond Fund ETF,CFT,Fixed Income ETF,_
iShares Barclays Government/Credit Bond Fund ETF,GBF,Fixed Income ETF,_
iShares Barclays Intermediate Credit Bond Fund ETF,CIU,Fixed Income ETF,_
iShares Barclays Intermediate Government/Credit Bond Fund ETF,GVI,Fixed Income ETF,_
iShares Barclays MBS Fixed-Rate Bond ETF,MBB,Fixed Income ETF,_
iShares Barclays Short Treasury Bond Fund ETF,SHV,Fixed Income ETF,_
iShares Barclays TIPS Bond Fund ETF,TIP,Fixed Income ETF,_
iShares Cohen & Steers Realty Major ETF,ICF,US Equity ETF,2
iShares COMEX Gold Trust ETF,IAU,Commodity Based ETF,_
iShares Diversified Alternatives Trust ETF,ALT,Commodity Based ETF,_
iShares Dow Jones EPAC Select Dividend ETF,IDV,Global Equity ETF,_
iShares Dow Jones Select Dividend Index Fund ETF,DVY,US Equity ETF,2
iShares Dow Jones Transportation Average Index Fund ETF,IYT,US Equity ETF,2
iShares Dow Jones U.S. Aerospace & Defense Index Fund ETF,ITA,US Equity ETF,1
iShares Dow Jones U.S. Basic Materials Index ETF,IYM,US Equity ETF,2
iShares Dow Jones U.S. Broker-Dealers Index Fund ETF,IAI,US Equity ETF,1
iShares Dow Jones U.S. Consumer Goods Index Fund ETF,IYK,US Equity ETF,_
iShares Dow Jones U.S. Consumer Index Fund ETF,IYC,US Equity ETF,1
iShares Dow Jones U.S. Energy Sector Fund ETF,IYE,US Equity ETF,1
iShares Dow Jones U.S. Financial Sector Index Fund ETF,IYF,US Equity ETF,2
iShares Dow Jones U.S. Financial Services Index Fund ETF,IYG,US Equity ETF,2
iShares Dow Jones U.S. Health Care Index Fund ETF,IYH,US Equity ETF,1
iShares Dow Jones U.S. Health Care Providers Index Fund ETF,IHF,US Equity ETF,1
iShares Dow Jones U.S. Home Construction Index Fund ETF,ITB,US Equity ETF,2
iShares Dow Jones U.S. Industrial Sector Index Fund ETF,IYJ,US Equity ETF,1
iShares Dow Jones U.S. Insurance Index Fund ETF,IAK,US Equity ETF,_
iShares Dow Jones U.S. Medical Devices Index Fund ETF,IHI,US Equity ETF,1
iShares Dow Jones U.S. Oil & Gas Exploration & Production Index Fund ETF,IEO,US Equity ETF,2
iShares Dow Jones U.S. Oil Equipment & Services Index Fund ETF,IEZ,US Equity ETF,1
iShares Dow Jones U.S. Pharmaceutical Index Fund ETF,IHE,US Equity ETF,_
iShares Dow Jones U.S. Real Estate Index Fund ETF,IYR,US Equity ETF,2
iShares Dow Jones U.S. Regional Banks Index Fund ETF,IAT,US Equity ETF,1
iShares Dow Jones U.S. Technology Index Fund ETF,IYW,US Equity ETF,2
iShares Dow Jones U.S. Telecommunications Index Fund ETF,IYZ,US Equity ETF,2
iShares Dow Jones U.S. Total Market Index Fund ETF,IYY,US Equity ETF,_
iShares Dow Jones U.S. Utilities Index Fund ETF,IDU,US Equity ETF,1
iShares Emerging Markets Local Currency Bond Fund ETF,LEMB,Fixed Income ETF,_
iShares Floating Rate Note ETF,FLOT,Fixed Income ETF,_
iShares FTSE China (HK Listed) Index Fund ETF,FCHI,Global Equity ETF,_
iShares FTSE Developed Small Cap ex-North America Index Fund ETF,IFSM,Global Equity ETF,_
iShares FTSE EPRA/NAREIT Asia Index Fund ETF,IFAS,Global Equity ETF,_
iShares FTSE EPRA/NAREIT Europe Index Fund ETF,IFEU,Global Equity ETF,_
iShares FTSE EPRA/NAREIT Global Real Estate ex-U.S. Index Fund ETF,IFGL,Global Equity ETF,_
iShares FTSE EPRA/NAREIT North America Index Fund ETF,IFNA,Global Equity ETF,_
iShares FTSE NAREIT Industrial/Office Capped Index ETF ETF,FNIO,US Equity ETF,_
iShares FTSE NAREIT Mortgage REITs Index Fund ETF,REM,US Equity ETF,1
iShares FTSE NAREIT Real Estate 50 Index Fund ETF,FTY,US Equity ETF,_
iShares FTSE NAREIT Residential Index Fund ETF,REZ,US Equity ETF,_
iShares FTSE NAREIT Retail Index Fund ETF,RTL,US Equity ETF,_
iShares FTSE/Xinhua China 25 Index Fund ETF,FXI,Global Equity ETF,_
iShares Global Inflation-Linked,GTIP,Fixed Income ETF,_
iShares Goldman Sachs Natural Resources Index Fund ETF,IGE,US Equity ETF,2
iShares Goldman Sachs Network Index Fund ETF,IGN,US Equity ETF,1
iShares Goldman Sachs Software Index Fund ETF,IGV,US Equity ETF,1
iShares Goldman Sachs Technology Index Fund ETF,IGM,US Equity ETF,1
iShares GS $ InvesTopTM Corporate Bond Fund ETF,LQD,Fixed Income ETF,_
iShares GSCI Commodity-Indexed Trust Fund ETF,GSG,Commodity Based ETF,_
iShares High Dividend Equity ETF,HDV,US Equity ETF,_
iShares iBoxx $ HY Corp Bond Fund ETF,HYG,Fixed Income ETF,_
iShares International Inflation-Linked ETF,ITIP,Fixed Income ETF,_
iShares JP Morgan Em Bond Fd ETF,EMB,Fixed Income ETF,_
iShares KLD 400 Social Index Fund ETF,DSI,US Equity ETF,_
iShares KLD Select Social Index Fund ETF,KLD,US Equity ETF,_
iShares Latin America 40 Index Fund ETF,ILF,Global Equity ETF,_
iShares Morningstar Large Core Index Fund ETF,JKD,US Equity ETF,2
iShares Morningstar Large Growth Index Fund ETF,JKE,US Equity ETF,_
iShares Morningstar Large Value Index Fund ETF,JKF,US Equity ETF,_
iShares Morningstar Mid Core Index Fund ETF,JKG,US Equity ETF,_
iShares Morningstar Mid Growth Index Fund ETF,JKH,US Equity ETF,_
iShares Morningstar Mid Value Index Fund ETF,JKI,US Equity ETF,_
iShares Morningstar Small Core Index Fund ETF,JKJ,US Equity ETF,_
iShares Morningstar Small Growth Index Fund ETF,JKK,US Equity ETF,_
iShares Morningstar Small Value Index Fund ETF,JKL,US Equity ETF,_
iShares MSCI ACWI (All Country World Index) Index Fund ETF,ACWI,Global Equity ETF,_
iShares MSCI ACWI ex US Consumer Discretionary Sector Index Fund (AXDI) ETF,AXDI,Global Equity ETF,_
iShares MSCI ACWI ex US Consumer Staples Sector Index Fund (AXSL) ETF,AXSL,Global Equity ETF,_
iShares MSCI ACWI ex US Energy Sector Index Fund (AXEN) ETF,AXEN,Global Equity ETF,_
iShares MSCI ACWI ex US Financials Sector Index Fund ETF,AXFN,Global Equity ETF,_
iShares MSCI ACWI ex US Health Care Sector Index Fund (AXHE) ETF,AXHE,Global Equity ETF,_
iShares MSCI ACWI ex US Index Fund ETF,ACWX,Global Equity ETF,_
iShares MSCI ACWI ex US Industrials Sector Index Fund (AXID) ETF,AXID,Global Equity ETF,_
iShares MSCI ACWI ex US Information Technology Sector Index Fund (AXIT) ETF,AXIT,Global Equity ETF,_
iShares MSCI ACWI ex US Materials Sector Index Fund (AXMT) ETF,AXMT,Global Equity ETF,_
iShares MSCI ACWI ex US Telecommunication Services Sector Index Fund (AXTE) ETF,AXTE,Global Equity ETF,_
iShares MSCI ACWI ex US Utilities Sector Index Fund (AXUT) ETF,AXUT,Global Equity ETF,_
iShares MSCI All Country Asia ex Japan Index Fund ETF,AAXJ,Global Equity ETF,_
iShares MSCI All Country World Minimum Volatility Index Fund ETF,ACWV,Global Equity ETF,_
iShares MSCI All Peru Capped Index Fund ETF,EPU,Global Equity ETF,_
iShares MSCI Australia Index Fund ETF,EWA,Global Equity ETF,_
iShares MSCI Austria Index Fund ETF,EWO,Global Equity ETF,_
iShares MSCI Belgium Index Fund ETF,EWK,Global Equity ETF,_
iShares MSCI Brazil Index Fund ETF,EWZ,Global Equity ETF,_
iShares MSCI Brazil Small Cap Index Fund (EWZS) ETF,EWZS,Global Equity ETF,_
iShares MSCI BRIC Index Fund ETF,BKF,Global Equity ETF,_
iShares MSCI Canada Index Fund ETF,EWC,Global Equity ETF,_
iShares MSCI Chile Index Fund ETF,ECH,Global Equity ETF,_
iShares MSCI China ETF,MCHI,Global Equity ETF,_
iShares MSCI China Small Cap Index Fund (ECNS) ETF,ECNS,Global Equity ETF,_
iShares MSCI EAFE Index Fund ETF,EFA,Global Equity ETF,_
iShares MSCI EAFE Minimum Volatility Index Fund ETF,EFAV,Global Equity ETF,_
iShares MSCI EAFE Small Cap ETF,SCZ,Global Equity ETF,_
iShares MSCI Emerging Index Fund ETF,EEM,Global Equity ETF,_
iShares MSCI Emerging Markets Eastern Europe Index Fund ETF,ESR,Global Equity ETF,_
iShares MSCI Emerging Markets Financials Sector Index Fund ETF,EMFN,Global Equity ETF,_
iShares MSCI Emerging Markets Materials Sector Index Fund ETF,EMMT,Global Equity ETF,_
iShares MSCI Emerging Markets Minimum Volatility Index Fund ETF,EEMV,Global Equity ETF,_
iShares MSCI Emerging Markets Small Cap Index Fund ETF,EEMS,Global Equity ETF,_
iShares MSCI EMU Index Fund ETF,EZU,Global Equity ETF,_
iShares MSCI Europe Financials Sector Index Fund ETF,EUFN,Global Equity ETF,_
iShares MSCI Far East Financials Sector Index Fund ETF,FEFN,Global Equity ETF,_
iShares MSCI France Index Fund ETF,EWQ,Global Equity ETF,_
iShares MSCI Germany Index Fund ETF,EWG,Global Equity ETF,_
iShares MSCI Growth Index Fund ETF,EFG,Global Equity ETF,_
iShares MSCI Hong Kong Index Fund ETF,EWH,Global Equity ETF,_
iShares MSCI Indonesia Investable Market Index Fund ETF,EIDO,Global Equity ETF,_
iShares MSCI Ireland Capped Investable Market Index Fund ETF,EIRL,Global Equity ETF,_
iShares MSCI Israel Capped Investable Market Index Fund ETF,EIS,Global Equity ETF,_
iShares MSCI Italy Index Fund ETF,EWI,Global Equity ETF,_
iShares MSCI Japan Index Fund ETF,EWJ,Global Equity ETF,_
iShares MSCI Japan Sm Cap ETF,SCJ,Global Equity ETF,_
iShares MSCI Kokusai ETF,TOK,Global Equity ETF,_
iShares MSCI Malaysia Index Fund ETF,EWM,Global Equity ETF,_
iShares MSCI Mexico Index Fund ETF,EWW,Global Equity ETF,_
iShares MSCI Netherlands Index Fund ETF,EWN,Global Equity ETF,_
iShares MSCI New Zealand Investable Market Index Fund (ENZL) ETF,ENZL,Global Equity ETF,_
iShares MSCI Pacific Ex-Japan Index Fund ETF,EPP,Global Equity ETF,_
iShares MSCI Poland Investable Market Index Fund ETF,EPOL,Global Equity ETF,_
iShares MSCI Russia Capped Index Fund ETF,ERUS,Global Equity ETF,_
iShares MSCI Singapore Index Fund ETF,EWS,Global Equity ETF,_
iShares MSCI South Africa Index Fund ETF,EZA,Global Equity ETF,_
iShares MSCI South Korea Index Fund ETF,EWY,Global Equity ETF,_
iShares MSCI Spain Index Fund ETF,EWP,Global Equity ETF,_
iShares MSCI Sweden Index Fund ETF,EWD,Global Equity ETF,_
iShares MSCI Switzerland Index Fund ETF,EWL,Global Equity ETF,_
iShares MSCI Taiwan Index Fund ETF,EWT,Global Equity ETF,_
iShares MSCI Thailand Investable Market Index Fund ETF,THD,Global Equity ETF,_
iShares MSCI Turkey Investable Market Index Fund ETF,TUR,Global Equity ETF,_
iShares MSCI United Kingdom Index Fund ETF,EWU,Global Equity ETF,_
iShares MSCI USA Index Fund ETF,EUSA,US Equity ETF,_
iShares MSCI USA Minimum Volatility Index Fund ETF,USMV,US Equity ETF,_
iShares MSCI Value Index Fund ETF,EFV,Global Equity ETF,_
iShares Nasdaq Biotechnology ETF,IBB,US Equity ETF,2
iShares NYSE 100 Index Fund ETF,NY,US Equity ETF,_
iShares NYSE Composite Index Fund ETF,NYC,US Equity ETF,_
iShares PHLX SOX Semiconductor Sector Index Fund ETF,SOXX,US Equity ETF,2
iShares Russell 1000 ETF,IWB,US Equity ETF,2
iShares Russell 1000 Growth ETF,IWF,US Equity ETF,2
iShares Russell 1000 Value ETF,IWD,US Equity ETF,2
iShares Russell 2000 ETF,IWM,US Equity ETF,2
iShares Russell 2000 Growth ETF,IWO,US Equity ETF,2
iShares Russell 2000 Value ETF,IWN,US Equity ETF,2
iShares Russell 3000 ETF,IWV,US Equity ETF,2
iShares Russell 3000 Growth ETF,IWZ,US Equity ETF,2
iShares Russell 3000 Value ETF,IWW,US Equity ETF,2
iShares Russell Microcap Index Fund ETF,IWC,US Equity ETF,1
iShares Russell Midcap Growth Index ETF,IWP,US Equity ETF,2
iShares Russell Midcap Index Fund ETF,IWR,US Equity ETF,2
iShares Russell Midcap Value Index ETF,IWS,US Equity ETF,2
iShares Russell Top 200 Growth Index Fund ETF,IWY,US Equity ETF,2
iShares Russell Top 200 Index Fund ETF,IWL,US Equity ETF,_
iShares Russell Top 200 Value Index Fund ETF,IWX,US Equity ETF,2
iShares S&P 100 Index Fund ETF,OEF,US Equity ETF,2
iShares S&P 1500 Index Fund ETF,ISI,US Equity ETF,_
iShares S&P 500 Growth Index Fund ETF,IVW,US Equity ETF,2
iShares S&P 500 Index Fund ETF,IVV,US Equity ETF,2
iShares S&P 500 Value Index Fund ETF,IVE,US Equity ETF,2
iShares S&P Aggressive Allocation Fund ETF,AOA,Asset Allocation ETF,_
iShares S&P Asia 50 ETF,AIA,Global Equity ETF,_
iShares S&P Cali Muni Bond ETF,CMF,Fixed Income ETF,_
iShares S&P Conservative Allocation Fund ETF,AOK,Asset Allocation ETF,_
iShares S&P Emerging Markets Infrastructure Index Fund ETF,EMIF,Global Equity ETF,_
iShares S&P Europe 350 Index Fund ETF,IEV,Global Equity ETF,_
iShares S&P Global 100 Index Fund ETF,IOO,Global Equity ETF,_
iShares S&P Global Clean Energy Index Fund ETF,ICLN,Global Equity ETF,_
iShares S&P Global Consumer Discretionary Sector Index Fund ETF,RXI,Global Equity ETF,_
iShares S&P Global Consumer Staples Sector Index Fund ETF,KXI,Global Equity ETF,_
iShares S&P Global Energy Index Fund ETF,IXC,Global Equity ETF,_
iShares S&P Global Financial Index Fund ETF,IXG,Global Equity ETF,_
iShares S&P Global Healthcare Index Fund ETF,IXJ,Global Equity ETF,_
iShares S&P Global Industrials Sector Index Fund ETF,EXI,Global Equity ETF,_
iShares S&P Global Infrastructure ETF,IGF,Global Equity ETF,_
iShares S&P Global Materials Sector Index Fund ETF,MXI,Global Equity ETF,_
iShares S&P Global Nuclear Energy Index Fund ETF,NUCL,Global Equity ETF,_
iShares S&P Global Technology Index Fund ETF,IXN,Global Equity ETF,_
iShares S&P Global Telecommunications Index Fund ETF,IXP,Global Equity ETF,_
iShares S&P Global Timber & Forestry Index Fund ETF,WOOD,Global Equity ETF,_
iShares S&P Global Utilities Sector Index Fund ETF,JXI,Global Equity ETF,_
iShares S&P Growth Allocation Fund ETF,AOR,Asset Allocation ETF,_
iShares S&P India Nifty 50 Index Fund ETF,INDY,Global Equity ETF,_
iShares S&P Intl Preferred Stock Index ETF,IPFF,Fixed Income ETF - Equity,_
iShares S&P MidCap 400 Growth Index Fund ETF,IJK,US Equity ETF,2
iShares S&P MidCap 400 Index Fund ETF,IJH,US Equity ETF,2
iShares S&P MidCap 400 Value Index Fund ETF,IJJ,US Equity ETF,2
iShares S&P Moderate Allocation Fund ETF,AOM,Asset Allocation ETF,_
iShares S&P National Municipal Bond Fund ETF,MUB,Fixed Income ETF,_
iShares S&P NY Muni ETF,NYF,Fixed Income ETF,_
iShares S&P Short Term National AMT-Free Municipal Bond Fund ETF,SUB,Fixed Income ETF,_
iShares S&P SmallCap 600 Growth Index Fund ETF,IJT,US Equity ETF,2
iShares S&P SmallCap 600 Index Fund ETF,IJR,US Equity ETF,2
iShares S&P SmallCap 600 Values Index Fund ETF,IJS,US Equity ETF,2
iShares S&P Target Date 2010 Index Fund ETF,TZD,Asset Allocation ETF,_
iShares S&P Target Date 2015 Index Fund ETF,TZE,Asset Allocation ETF,_
iShares S&P Target Date 2020 Index Fund ETF,TZG,Asset Allocation ETF,_
iShares S&P Target Date 2025 Index Fund ETF,TZI,Asset Allocation ETF,_
iShares S&P Target Date 2030 Index Fund ETF,TZL,Asset Allocation ETF,_
iShares S&P Target Date 2035 Index Fund ETF,TZO,Asset Allocation ETF,_
iShares S&P Target Date 2040 Index Fund ETF,TZV,Asset Allocation ETF,_
iShares S&P Target Date 2045 Index Fund ETF,TZW,Asset Allocation,_
iShares S&P Target Date 2050 Index Fund ETF,TZY,Asset Allocation,_
iShares S&P Target Date Retirement Income Index Fund ETF,TGR,Asset Allocation ETF,_
iShares S&P US Preferred Stock Fund ETF,PFF,Fixed Income ETF - Equity,_
iShares S&P World ex-US Property ETF,WPS,Global Equity ETF,_
iShares S&P/Citigroup 1-3 Year International Treasury Bond Fund ETF,ISHG,Fixed Income ETF,_
iShares S&P/Citigroup International Treasury Fund ETF,IGOV,Fixed Income ETF,_
iShares S&P/TOPIX 150 Index Fund ETF,ITF,Global Equity ETF,_
iShares Silver Trust ETF,SLV,Commodity Based ETF,_
Jefferies | TR/J CRB Global Commodity Equity Index Fund ETF,CRBQ,Global Equity ETF,_
Jefferies | TR/J CRB Wildcatters Exploration & Production Equity ETF,WCAT,Global Equity ETF,_
JP Morgan Alerian MLP Index ETN,AMJ,ETN,_
JP Morgan Double Short US 10 Year Treasury Futures ETN,DSXJ,ETN,_
JP Morgan Double Short US Long Bond Treasury Futures ETN,DSTJ,ETN,_
KEYNOTES FT 130/30 LARGE CAP,JFT,ETN,_
Market Vector Colombia ETF,COLX,Global Equity ETF,_
Market Vectors Bank and Brokerage ETF,RKH,US Equity ETF,2
Market Vectors Biotech ETF,BBH,US Equity ETF,_
Market Vectors Brazil Small-Cap ETF,BRF,Global Equity ETF,_
Market Vectors CEF Municipal Income ETF,XMPT,Asset Allocation ETF,_
Market Vectors China ETF,PEK,Global Equity ETF,_
Market Vectors Chinese Renminbi/USD ETN,CNY,ETN,_
Market Vectors Coal ETF,KOL,Global Equity ETF,_
Market Vectors Double Long Euro ETN,URR,ETN,_
Market Vectors Double Short Euro ETN,DRR,ETN,_
Market Vectors Egypt Index ETF,EGPT,Global Equity ETF,_
Market Vectors Emerging Markets Local Currency Bond ETF,EMLC,Fixed Income ETF,_
Market Vectors Environment Index ETF Fund ETF,EVX,US Equity ETF,_
Market Vectors Gaming ETF,BJK,Global Equity ETF,_
Market Vectors Germany Small-Cap ETF,GERJ,Global Equity ETF,_
Market Vectors Global Alternative Energy ETF,GEX,Global Equity ETF,_
Market Vectors Gulf States Index ETF,MES,Global Equity ETF,_
Market Vectors High Yield Municipal Index ETF,HYD,Fixed Income ETF,_
Market Vectors India Small-Cap ETF,SCIF,Global Equity ETF,_
Market Vectors Indian Rupee/USD ETN,INR,ETN,_
Market Vectors Indonesia Index ETF,IDX,Global Equity ETF,_
Market Vectors Investment Grade Floating Rate,FLTR,Fixed Income ETF,_
Market Vectors Junior Gold Miners ETF,GDXJ,Global Equity ETF,_
Market Vectors LatAm Aggregate Bond ETF,BONO,Fixed Income ETF,_
Market Vectors Latin America Small-Cap Index ETF,LATM,Global Equity ETF,_
Market Vectors Mortgage REIT Income ETF,MORT,US Equity ETF,_
Market Vectors Oil Services ETF,OIH,US Equity ETF,2
Market Vectors Pharmaceutical ETF,PPH,US Equity ETF,2
Market Vectors Poland ETF,PLND,Global Equity ETF,_
Market Vectors Pre-Refunded Municipal Index ETF,PRB,Fixed Income ETF,_
Market Vectors Rare Earth/Strategic Metals ETF,REMX,Global Equity ETF,__
Market Vectors Renminbi Bond ETF,CHLC,Fixed Income ETF,_
Market Vectors Retail ETF,RTH,US Equity ETF,2
Market Vectors Russia Small-Cap ETF,RSXJ,Global Equity ETF,_
Market Vectors Semiconductor ETF,SMH,US Equity ETF,2
Market Vectors Short Municipal Index ETF,SMB,Fixed Income ETF,_
Market Vectors Solar Energy ETF,KWT,Global Equity ETF,_
Market Vectors Steel Index ETF Fund ETF,SLX,US Equity ETF,2
Market Vectors TR Gold Miners ETF,GDX,US Equity ETF,2
Market Vectors TR Russia ETF,RSX,Global Equity ETF,_
Market Vectors Vietnam ETF,VNM,Global Equity ETF,_
Market Vectors-Africa Index ETF,AFK,Global Equity ETF,_
Market Vectors-Agribusiness ETF,MOO,Global Equity ETF,_
Market Vectors-Lehman Brothers AMT-Free Intermediate Municipal Index ETF,ITM,Fixed Income ETF,_
Market Vectors-Lehman Brothers AMT-Free Long Municipal Index ETF,MLN,Fixed Income ETF,_
Market Vectors-Nuclear Energy ETF,NLR,Global Equity ETF,_
Morgan Stanley Cushing® MLP High Income Index ETN,MLPY,ETN,_
Morgan Stanley S&P 500 Oil Hedged ETN,BARL,ETN,_
PIMCO 0-5 Year High Yield Corporate Bond Index Fund ETF,HYS,Fixed Income ETF,_
PIMCO 1-3 Year U.S. Treasury Index Fund ETF,TUZ,Fixed Income ETF,_
PIMCO 1-5 Year U.S. TIPS Index Fund ETF,STPZ,Fixed Income ETF,_
PIMCO 15+ Year U.S. TIPS Index Fund ETF,LTPZ,Fixed Income ETF,_
PIMCO 25+ Year Zero Coupon U.S. Treasury Index Fund ETF,ZROZ,Fixed Income ETF,_
PIMCO 3-7 Year U.S. Treasury Index Fund ETF,FIVZ,Fixed Income ETF,_
PIMCO 7-15 Year U.S. Treasury Index Fund ETF,TENZ,Fixed Income ETF,_
PIMCO Australia Bond Index Fund ETF,AUD,Fixed Income ETF,_
PIMCO Broad U.S. TIPS Index Fund ETF,TIPZ,Fixed Income ETF,_
PIMCO Broad U.S. Treasury Index Fund ETF,TRSY,Fixed Income ETF,_
PIMCO Build America Bond Strategy Fund ETF,BABZ,Fixed Income ETF,_
PIMCO Canada Bond Index Fund ETF,CAD,Fixed Income ETF,_
PIMCO Enhanced Short Maturity Strategy Fund ETF,MINT,Fixed Income ETF,_
PIMCO Germany Bond Index Fund,BUND,Fixed Income ETF,_
PIMCO Intermediate Municipal Bond Strategy Fund ETF,MUNI,Fixed Income ETF,_
PIMCO Investment Grade Corporate Bond Index Fund ETF,CORP,Fixed Income ETF,_
PIMCO Short Term Municipal Bond Strategy Fund ETF,SMMU,Fixed Income ETF,_
PowerShares 1-30 Treasury Ladder Portfolio ETF,PLW,Fixed Income ETF,_
PowerShares Active Low Duration Fund ETF,PLK,Fixed Income ETF,_
PowerShares Active Mega Cap Fund ETF,PMA,US Equity ETF,_
PowerShares Active U.S. Real Estate Fund ETF,PSR,US Equity ETF,_
PowerShares Aerospace & Defense ETF,PPA,US Equity ETF,_
PowerShares BLDRS Asia 50 ADR Index Fund ETF,ADRA,US Equity ETF,_
PowerShares BLDRS Developed Markets 100 ADR Index Fund ETF,ADRD,US Equity ETF,_
PowerShares BLDRS Emerging Markets 50 ADR Index Fund ETF,ADRE,US Equity ETF,2
PowerShares BLDRS Europe 100 ADR Index Fund ETF,ADRU,US Equity ETF,_
PowerShares Build America Bond Portfolio ETF,BAB,Fixed Income ETF,_
PowerShares Buyback Achievers ETF,PKW,US Equity ETF,_
PowerShares CEF Income Composite Portfolio (Fund) ETF,PCEF,Fixed Income ETF,_
PowerShares Chinese Yuan Dim Sum Bond Portfolio ETF,DSUM,Fixed Income ETF,_
PowerShares Cleantech Portfolio ETF,PZD,Global Equity ETF,_
PowerShares Convertible Securities Portfolio ETF,CVRT,Fixed Income ETF,_
PowerShares DB 3x German Bund Futures ETN,BUNT,ETN,_
PowerShares DB 3x German Bund Futures ETNs,BUNT,ETN,_
Powershares DB 3x Inver Jap Gov Bond ETN,JGBD,ETN,_
PowerShares DB 3x Italian Treasury Bond Futures ETN,ITLT,ETN,_
PowerShares DB 3x Italian Treasury Bond Futures ETN,ITLY,ETN,_
PowerShares DB 3x Italian Treasury Bond Futures ETNs,ITLT,ETN,_
PowerShares DB 3x Japanese Govt Bond Futures ETNs,JGBT,ETN,_
PowerShares DB 3x Long 25+ Year Treasury Bond ETNs,LBND,ETN,_
PowerShares DB 3x Long US Dollar Index Futures ETN,UUPT,ETN,_
PowerShares DB 3x Short 25+ Year Treasury Bond ETNs,SBND,ETN,_
PowerShares DB 3x Short US Dollar Index Futures ETN,UDNT,ETN,_
PowerShares DB Agriculture Double Long ETN,DAG,ETN,_
PowerShares DB Agriculture Double Short ETN,AGA,ETN,_
PowerShares DB Agriculture Fund ETF,DBA,Commodity Based ETF,_
PowerShares DB Agriculture Long ETN,AGF,ETN,_
PowerShares DB Agriculture Short ETN,ADZ,ETN,_
PowerShares DB Base Metals Double Long ETN,BDD,ETN,_
PowerShares DB Base Metals Double Short ETN,BOM,ETN,_
PowerShares DB Base Metals Fund ETF,DBB,Commodity Based ETF,_
PowerShares DB Base Metals Long ETN,BDG,ETN,_
PowerShares DB Base Metals Short ETN,BOS,ETN,_
PowerShares DB Commodity Double Long ETN,DYY,ETN,_
PowerShares DB Commodity Double Short ETN,DEE,ETN,_
PowerShares DB Commodity Index Trac ETF,DBC,Commodity Based ETF,_
PowerShares DB Commodity Long ETN,DPU,ETN,_
PowerShares DB Commodity Short ETN,DDP,ETN,_
PowerShares DB Crude Oil Double Short ETN,DTO,ETN,_
PowerShares DB Crude Oil Long ETN,OLO,ETN,_
PowerShares DB Crude Oil Short ETN,SZO,ETN,_
PowerShares DB Energy Fund ETF,DBE,Commodity Based ETF,_
PowerShares DB G10 Currency Harvest ETF,DBV,Commodity Based ETF,_
PowerShares DB German Bund Futures ETN,BUNL,ETN,_
PowerShares DB German Bund Futures ETNs,BUNL,ETN,_
PowerShares DB Gold Double Long ETN,DGP,ETN,_
PowerShares DB Gold Double Short ETN,DZZ,ETN,_
PowerShares DB Gold Fund ETF,DGL,Commodity Based ETF,_
PowerShares DB Gold Short ETN,DGZ,ETN,_
Powershares DB Inverse Jap Gov Bond ETN,JGBS,ETN,_
PowerShares DB Italian Treasury Bond Futures ETNs,ITLY,ETN,_
PowerShares DB Japanese Govt Bond Futures ETNs,JGBL,ETN,_
PowerShares DB Oil Fund ETF,DBO,Commodity Based ETF,_
PowerShares DB Precious Metals Fund ETF,DBP,Commodity Based ETF,_
PowerShares DB Silver Fund ETF,DBS,Commodity Based ETF,_
PowerShares DB US Deflation ETN,DEFL,ETN,_
PowerShares DB US Inflation ETN,INFL,ETN,_
PowerShares DB USD Index Bearish ETF,UDN,Commodity Based ETF,_
PowerShares DB USD Index Bullish ETF,UUP,Commodity Based ETF,_
PowerShares Dividend Achievers ETF,PEY,US Equity ETF,2
PowerShares Dividend Achievers ETF,PFM,US Equity ETF,1
PowerShares DWA Developed Market Technical Leaders Portfolio ETF,PIZ,Global Equity ETF,_
PowerShares DWA Emerging Market Technical Leaders? Portfolio ETF,PIE,Global Equity ETF,_
PowerShares DWA Technical Leaders Portfolio ETF,PDP,US Equity ETF,2
PowerShares Dynamic Banking ETF,PJB,US Equity ETF,2
PowerShares Dynamic Basic Materials ETF,PYZ,US Equity ETF,_
PowerShares Dynamic Biotech &Genome ETF,PBE,US Equity ETF,1
PowerShares Dynamic Build & Construction ETF,PKB,US Equity ETF,2
PowerShares Dynamic Consumer Discretionary ETF,PEZ,US Equity ETF,_
PowerShares Dynamic Consumer Staples ETF,PSL,US Equity ETF,_
PowerShares Dynamic Developed International Opportunities Portfolio ETF,PFA,Global Equity ETF,_
PowerShares Dynamic Energy E&P ETF,PXE,US Equity ETF,2
PowerShares Dynamic Energy ETF,PXI,US Equity ETF,_
PowerShares Dynamic Financial ETF,PFI,US Equity ETF,_
PowerShares Dynamic Food & Beverage ETF,PBJ,US Equity ETF,1
PowerShares Dynamic Heathcare ETF,PTH,US Equity ETF,_
PowerShares Dynamic Industrials ETF,PRN_,US Equity ETF,_
PowerShares Dynamic Insurance ETF,PIC,US Equity ETF,_
PowerShares Dynamic LargeCap Growth ETF,PWB,US Equity ETF,1
PowerShares Dynamic LargeCap Value ETF,PWV,US Equity ETF,1
PowerShares Dynamic Leisure & Entertainment Portfolio ETF,PEJ,US Equity ETF,1
PowerShares Dynamic MagniQuant ETF,PIQ,US Equity ETF,_
PowerShares Dynamic Media ETF,PBS,US Equity ETF,_
PowerShares Dynamic Networking ETF,PXQ,US Equity ETF,1
PowerShares Dynamic Oil Services ETF,PXJ,US Equity ETF,1
PowerShares Dynamic Pharmaceuticals ETF,PJP,US Equity ETF,1
PowerShares Dynamic Retail ETF,PMR,US Equity ETF,_
PowerShares Dynamic Semiconductors ETF,PSI,US Equity ETF,_
PowerShares Dynamic Software ETF,PSJ,US Equity ETF,_
PowerShares Dynamic Technology ETF,PTF,US Equity ETF,_
PowerShares Dynamic Utilities ETF,PUI,US Equity ETF,_
PowerShares Emerging Markets Sovereign Debt Portfolio ETF,PCY,Fixed Income ETF,_
PowerShares Exchange-Traded Fund ETF,BKLN,Fixed Income ETF,_
PowerShares Financial Preferred ETF,PGF,Fixed Income ETF - Equity,_
PowerShares FTSE RAFI Asia Pacific ex-Japan Portfolio ETF,PAF,Global Equity ETF,_
PowerShares FTSE RAFI Developed Markets ex-U.S. Portfolio ETF,PXF,Global Equity ETF,_
PowerShares FTSE RAFI Developed Markets ex-U.S. Small-Mid Portfolio ETF,PDN,Global Equity ETF,_
PowerShares FTSE RAFI Emerging Markets Portfolio ETF,PXH,Global Equity ETF,_
Powershares FTSE RAFI US 1000 Portfolio ETF,PRF,US Equity ETF,1
PowerShares FTSE RAFI US 1500 Small-Mid Portfolio ETF,PRFZ,US Equity ETF,1
PowerShares Fundamental High Yield Corporate Bond Portfolio ETF,PHB,Fixed Income ETF,_
PowerShares Fundamental Investment Grade Corporate Bond Portfolio ETF,PFIG,Fixed Income ETF,_
PowerShares Fundamental Pure Large Core Portfolio ETF,PXLC,US Equity ETF,_
PowerShares Fundamental Pure Large Growth ETF,PXLG,US Equity ETF,_
PowerShares Fundamental Pure Large Value Portfolio ETF,PXLV,US Equity ETF,_
PowerShares Fundamental Pure Mid Core Portfolio ETF,PXMC,US Equity ETF,_
PowerShares Fundamental Pure Mid Growth Portfolio ETF,PXMG,US Equity ETF,2
PowerShares Fundamental Pure Mid Value Portfolio ETF,PXMV,US Equity ETF,_
PowerShares Fundamental Pure Small Core Portfolio ETF,PXSC,US Equity ETF,_
PowerShares Fundamental Pure Small Growth Portfolio ETF,PXSG,US Equity ETF,2
PowerShares Fundamental Pure Small Value Portfolio ETF,PXSV,US Equity ETF,_
PowerShares Global Agriculture Portfolio ETF,PAGG,Global Equity ETF,_
PowerShares Global Clean Energy Portfolio ETF,PBD,Global Equity ETF,_
PowerShares Global Coal Portfolio ETF,PKOL,Global Equity ETF,_
PowerShares Global Emerging Markets Infrastructure Portfolio ETF,PXR,Global Equity ETF,_
PowerShares Global Gold and Precious Metals Portfolio ETF,PSAU,Global Equity ETF,_
PowerShares Global Nuclear Portfolio ETF,PKN,Global Equity ETF,_
PowerShares Global Steel Portfolio ETF,PSTL,Global Equity ETF,_
PowerShares Global Water Portfolio ETF,PIO,Global Equity ETF,_
PowerShares Global Wind Energy Portfolio ETF,PWND,Global Equity ETF,_
PowerShares Golden Dragon Halter USX China Portfolio ETF,PGJ,Global Equity ETF,_
PowerShares Ibbotson Alternative Completion Portfolio ETF,PTO,US Equity ETF,_
PowerShares India Portfolio ETF,PIN,Global Equity ETF,_
PowerShares Insured CA Municipal Bond Portfolio ETF,PWZ,Fixed Income ETF,_
PowerShares Insured National Municipal Bond Portfolio ETF,PZA,Fixed Income ETF,_
PowerShares Insured NY Municipal Bond Portfolio ETF,PZT,Fixed Income ETF,_
PowerShares International Corporate Bond Portfolio ETF,PICB,Fixed Income ETF,_
PowerShares Intl Dividend Achievers ETF,PID,US Equity ETF,2
PowerShares KBW Bank Portfolio ETF,KBWB,US Equity ETF,_
PowerShares KBW Capital Markets Portfolio ETF,KBWC,US Equity ETF,_
PowerShares KBW High Dividend Yield Financial Portfolio ETF,KBWD,US Equity ETF,_
PowerShares KBW Insurance Portfolio ETF,KBWI,US Equity ETF,_
PowerShares KBW International Financial Portfolio ETF,KBWX,US Equity ETF,_
PowerShares KBW Premium Yield Equity REIT Portfolio ETF,KBWY,US Equity ETF,_
PowerShares KBW Property & Casualty Insurance Portfolio ETF,KBWP,US Equity ETF,_
PowerShares KBW Regional Banking Portfolio ETF,KBWR,US Equity ETF,_
PowerShares Listed Private Equity ETF,PSP,Global Equity ETF,_
PowerShares Lux Nanotech Portfolio ETF,PXN,Global Equity ETF,_
PowerShares MENA Frontier Countries Portfolio ETF,PMNA,Global Equity ETF,_
PowerShares Morningstar StockInvestor Core Portfolio ETF,PYH,US Equity ETF,_
PowerShares Nasdaq Internet Portfolio ETF,PNQI,US Equity ETF,_
PowerShares Preferred Portfolio ETF,PGX,Fixed Income ETF - Equity,_
PowerShares QQQ Trust ETF,QQQ,US Equity ETF,2
PowerShares RiverFront Tactical Balanced Growth Portfolio ETF,PAO,Global Equity ETF,_
PowerShares RiverFront Tactical Growth & Income Portfolio ETF,PCA,US Equity ETF,_
PowerShares S&P 500 BuyWrite Portfolio ETF,PBP,US Equity ETF,1
PowerShares S&P 500 High Beta ETF,SPHB,US Equity ETF,_
PowerShares S&P 500 High Quality Portfolio ETF,PIV,US Equity ETF,1
PowerShares S&P 500 Low Volatility ETF,SPLV,US Equity ETF,_
PowerShares S&P SmallCap Consumer Discretionary Portfolio ETF,PSCD,US Equity ETF,_
PowerShares S&P SmallCap Consumer Staples Portfolio ETF,PSCC,US Equity ETF,_
PowerShares S&P SmallCap Energy Portfolio ETF,PSCE,US Equity ETF,2
PowerShares S&P SmallCap Financials Portfolio ETF,PSCF,US Equity ETF,_
PowerShares S&P SmallCap Health Care Portfolio ETF,PSCH,US Equity ETF,_
PowerShares S&P SmallCap Industrials Portfolio ETF,PSCI,US Equity ETF,_
PowerShares S&P SmallCap Info Tech ETF,PSCT,US Equity ETF,2
PowerShares S&P SmallCap Materials Portfolio ETF,PSCM,US Equity ETF,_
PowerShares S&P SmallCap Utilities Portfolio ETF,PSCU,US Equity ETF,_
PowerShares VRDO Tax Free Weekly Portfolio ETF,PVI,Fixed Income ETF,_
PowerShares Water Resource Port ETF,PHO,US Equity ETF,2
PowerShares WilderHill Clean Energy Portfolio ETF,PBW,US Equity ETF,2
PowerShares WilderHill Progressive Energy Portfolio ETF,PUW,US Equity ETF,_
PowerShares XTF: Dynamic Market Portfolio ETF,PWC,US Equity ETF,_
PowerShares XTF: Dynamic OTC Portfolio ETF,PWO,US Equity ETF,_
PowerShares Zacks Micro Cap ETF,PZI,US Equity ETF,2
Precidian MAXIS Nikkei 225 Index ETF,NKY,Global Equity ETF,_
ProShares Credit Suisse 130/30 ETF,CSM,Commodity Based ETF,_
ProShares Hedge Replication ETF,HDG,Asset Allocation ETF,_
ProShares RAFI® Long/Short ETF,RALS,Commodity Based ETF,_
ProShares Short 20+ Year Treasury ETF,TBF,Commodity Based ETF,_
ProShares Short 7-10 Year Treasury ETF,TBX,Commodity Based ETF,_
ProShares Short Basic Materials ETF,SBM,Commodity Based ETF,_
ProShares Short Dow30 ETF,DOG,Commodity Based ETF,2
ProShares Short Financials ETF,SEF,Commodity Based ETF,1
ProShares Short FTSE/Xinhua China 25 ETF,YXI,Commodity Based ETF,_
ProShares Short High Yield ETF,SJB,Commodity Based ETF,_
ProShares Short Investement Grade Corporate ETF,IGS,Fixed Income ETF,_
ProShares Short KBW Regional Banking ETF,KRS,Commodity Based ETF,_
ProShares Short MidCap400 ETF,MYY,Commodity Based ETF,1
ProShares Short MSCI EAFE ETF,EFZ,Commodity Based ETF,_
ProShares Short MSCI Emerging Markets ETF,EUM,Commodity Based ETF,_
ProShares Short Oil & Gas ETF,DDG,Commodity Based ETF,_
ProShares Short QQQ ETF,PSQ,Commodity Based ETF,2
ProShares Short Real Estate ETF,REK,Commodity Based ETF,_
ProShares Short Russell2000 ETF,RWM,Commodity Based ETF,2
ProShares Short S&P500 ETF,SH,Commodity Based ETF,2
ProShares Short SmallCap600 ETF,SBB,Commodity Based ETF,1
ProShares Short VIX Short-Term Futures ETF,SVXY,Commodity Based ETF,_
ProShares Ultra 20+ Year Treasury ETF,UBT,Commodity Based ETF,_
ProShares Ultra 7-10 Year Treasury ETF,UST,Commodity Based ETF,_
ProShares Ultra Basic Materials ETF,UYM,Commodity Based ETF,2
ProShares Ultra Consumer Goods ETF,UGE,Commodity Based ETF,_
ProShares Ultra Consumer Services ETF,UCC,Commodity Based ETF,_
ProShares Ultra DJ-UBS Commodity ETF,UCD,Commodity Based ETF,_
ProShares Ultra DJ-UBS Crude Oil ETF,UCO,Commodity Based ETF,_
ProShares Ultra DJ-UBS Natural Gas ETF,BOIL,Commodity Based ETF,_
ProShares Ultra Dow30 ETF,DDM,Commodity Based ETF,2
ProShares Ultra Euro ETF,ULE,Commodity Based ETF,_
ProShares Ultra Financials ETF,UYG,Commodity Based ETF,2
ProShares Ultra FTSE/Xinhua China 25 ETF,XPP,Commodity Based ETF,_
ProShares Ultra Gold ETF,UGL,Commodity Based ETF,_
ProShares Ultra Health Care ETF,RXL,Commodity Based ETF,_
ProShares Ultra High Yield Bond ETF,UJB,Fixed Income ETF,_
ProShares Ultra Industrials ETF,UXI,Commodity Based ETF,_
ProShares Ultra Investment Grade Corporate Bond ETF,IGU,Fixed Income ETF,_
ProShares Ultra KBW Regional Banking ETF,KRU,Commodity Based ETF,_
ProShares Ultra MidCap400 ETF,MVV,Commodity Based ETF,2
ProShares Ultra MSCI Brazil ETF,UBR,Commodity Based ETF,_
ProShares Ultra MSCI EAFE ETF,EFO,Commodity Based ETF,_
ProShares Ultra MSCI Emerging Markets ETF,EET,Commodity Based ETF,_
ProShares Ultra MSCI Europe ETF,UPV,Commodity Based ETF,_
ProShares Ultra MSCI Japan ETF,EZJ,Commodity Based ETF,_
ProShares Ultra MSCI Mexico Investable Market ETF,UMX,Commodity Based ETF,_
ProShares Ultra MSCI Pacific ex-Japan ETF,UXJ,Commodity Based ETF,_
ProShares Ultra Nasdaq Biotechnology ETF,BIB,Commodity Based ETF,_
ProShares Ultra Oil & Gas ETF,DIG,Commodity Based ETF,2
ProShares Ultra QQQ ETF,QLD,Commodity Based ETF,2
ProShares Ultra Real Estate ETF,URE,Commodity Based ETF,2
ProShares Ultra Russell MidCap Growth ETF,UKW,Commodity Based ETF,_
ProShares Ultra Russell MidCap Value ETF,UVU,Commodity Based ETF,_
ProShares Ultra Russell1000 Growth ETF,UKF,Commodity Based ETF,_
ProShares Ultra Russell1000 Value ETF,UVG,Commodity Based ETF,_
ProShares Ultra Russell2000 ETF,UWM,Commodity Based ETF,2
ProShares Ultra Russell2000 Growth ETF,UKK,Commodity Based ETF,2
ProShares Ultra Russell2000 Value ETF,UVT,Commodity Based ETF,_
ProShares Ultra Russell3000 ETF,UWC,Commodity Based ETF,_
ProShares Ultra S&P500 ETF,SSO,Commodity Based ETF,2
ProShares Ultra Semiconductors ETF,USD,Commodity Based ETF,2
ProShares Ultra Silver ETF,AGQ,Commodity Based ETF,_
ProShares Ultra SmallCap600 ETF,SAA,Commodity Based ETF,1
ProShares Ultra Technology ETF,ROM,Commodity Based ETF,1
ProShares Ultra Telecommunications ETF,LTL,Commodity Based ETF,_
ProShares Ultra Utilities ETF,UPW,Commodity Based ETF,_
ProShares Ultra VIX Short-Term Futures ETF,UVXY,Commodity Based ETF,_
ProShares Ultra Yen ETF,YCL,Commodity Based ETF,_
ProShares UltraPro Dow30 ETF,UDOW,Commodity Based ETF,1
ProShares UltraPro MidCap400 ETF,UMDD,Commodity Based ETF,_
ProShares UltraPro QQQ ETF,TQQQ,Commodity Based ETF,2
ProShares UltraPro Russell2000 ETF,URTY,Commodity Based ETF,1
ProShares UltraPro S&P500 ETF,UPRO,Commodity Based ETF,1
ProShares UltraPro Short Dow30 ETF,SDOW,Commodity Based ETF,1
ProShares UltraPro Short MidCap400 ETF,SMDD,Commodity Based ETF,_
ProShares UltraPro Short QQQ ETF,SQQQ,Commodity Based ETF,2
ProShares UltraPro Short Russell2000 ETF,SRTY,Commodity Based ETF,2
ProShares UltraPro Short S&P500 ETF,SPXU,Commodity Based ETF,2
ProShares UltraShort 20+ Year Treasury ETF,TBT,Commodity Based ETF,_
ProShares UltraShort 3-7 Year Treasury ETF,TBZ,Commodity Based ETF,_
ProShares UltraShort 7-10 Year Treasury ETF,PST,Commodity Based ETF,_
ProShares UltraShort Basic Materials ETF,SMN,Commodity Based ETF,2
ProShares UltraShort Consumer Goods ETF,SZK,Commodity Based ETF,_
ProShares UltraShort Consumer Services ETF,SCC,Commodity Based ETF,1
ProShares UltraShort DJ-UBS Commodity ETF,CMD,Commodity Based ETF,_
ProShares UltraShort DJ-UBS Crude Oil ETF,SCO,Commodity Based ETF,_
ProShares UltraShort DJ-UBS Natural Gas ETF,KOLD,Commodity Based ETF,_
ProShares UltraShort Dow30 ETF,DXD,Commodity Based ETF,2
ProShares UltraShort Euro ETF,EUO,Commodity Based ETF,_
ProShares UltraShort Financials ETF,SKF,Commodity Based ETF,2
ProShares UltraShort FTSE/Xinhua China 25 ETF,FXP,Commodity Based ETF,_
ProShares UltraShort Gold ETF,GLL,Commodity Based ETF,_
ProShares UltraShort Health Care ETF,RXD,Commodity Based ETF,_
ProShares UltraShort Industrials ETF,SIJ,Commodity Based ETF,_
ProShares UltraShort MidCap400 ETF,MZZ,Commodity Based ETF,2
ProShares UltraShort MSCI Brazil ETF,BZQ,Commodity Based ETF,_
ProShares UltraShort MSCI EAFE ETF,EFU,Commodity Based ETF,_
ProShares UltraShort MSCI Emerging Markets ETF,EEV,Commodity Based ETF,_
ProShares UltraShort MSCI Europe ETF,EPV,Commodity Based ETF,_
ProShares UltraShort MSCI Japan ETF,EWV,Commodity Based ETF,_
ProShares UltraShort MSCI Mexico Investable Market ETF,SMK,Commodity Based ETF,_
ProShares UltraShort MSCI Pacific ex-Japan ETF,JPX,Commodity Based ETF,_
ProShares UltraShort Nasdaq Biotechnology ETF,BIS,Commodity Based ETF,_
ProShares UltraShort Oil & Gas ETF,DUG,Commodity Based ETF,2
ProShares UltraShort QQQ ETF,QID,Commodity Based ETF,2
ProShares UltraShort Real Estate ETF,SRS,Commodity Based ETF,2
ProShares UltraShort Russell MidCap Growth ETF,SDK,Commodity Based ETF,_
ProShares UltraShort Russell MidCap Value ETF,SJL,Commodity Based ETF,_
ProShares UltraShort Russell1000 Growth ETF,SFK,Commodity Based ETF,_
ProShares UltraShort Russell1000 Value ETF,SJF,Commodity Based ETF,_
ProShares UltraShort Russell2000 ETF,TWM,Commodity Based ETF,2
ProShares UltraShort Russell2000 Growth ETF,SKK,Commodity Based ETF,1
ProShares UltraShort Russell2000 Value ETF,SJH,Commodity Based ETF,_
ProShares UltraShort Russell3000 ETF,TWQ,Commodity Based ETF,_
ProShares UltraShort S&P500 ETF,SDS,Commodity Based ETF,2
ProShares UltraShort Semiconductors ETF,SSG,Commodity Based ETF,2
ProShares UltraShort Silver ETF,ZSL,Commodity Based ETF,_
ProShares UltraShort SmallCap600 ETF,SDD,Commodity Based ETF,1
ProShares UltraShort Technology ETF,REW,Commodity Based ETF,1
ProShares UltraShort Telecommunications ETF,TLL,Commodity Based ETF,_
ProShares UltraShort TIPS ETF,TPS,Commodity Based ETF,_
ProShares UltraShort Utilities ETF,SDP,Commodity Based ETF,_
ProShares UltraShort Yen ETF,YCS,Commodity Based ETF,_
ProShares VIX Mid-term ETF,VIXM,Commodity Based ETF,_
ProShares VIX Short-Term ETF,VIXY,Commodity Based ETF,_
QuantShares U.S. Market Neutral Anti-Beta Fund ETF,BTAL,US Equity ETF,_
QuantShares U.S. Market Neutral Beta Fund ETF,BTAH,US Equity ETF,_
QuantShares U.S. Market Neutral Momentum Fund ETF,MOM,US Equity ETF,_
QuantShares U.S. Market Neutral Quality Fund ETF,QLT,US Equity ETF,_
QuantShares U.S. Market Neutral Size Fund ETF,SIZ,US Equity ETF,_
QuantShares U.S. Market Neutral Value Fund ETF,CHEP,US Equity ETF,_
QuantShares US Market Neutral Anti-Momentum Fund,NOMO,US Equity ETF,_
RBS Global Big Pharma ETN,DRGS,ETN,_
RBS Gold Trendpilot ETN,TBAR,ETN,_
RBS NASDAQ 100 Trendpilot ETN,TNDQ,ETN,_
RBS Oil Trendpilot ETN,TWTI,ETN,_
RBS US  MidCap Trendpilot ETN,TRNM,ETN,_
RBS US L/C TRENDPILOT ETN,TRND,ETN,_
REVENUESHARES ADR FUND ETF,RTR,US Equity ETF,_
REVENUESHARES FINANCIALS SECTOR FUND ETF,RWW,US Equity ETF,_
REVENUESHARES LARGE CAP FUND ETF,RWL,US Equity ETF,1
REVENUESHARES MID CAP FUND ETF,RWK,US Equity ETF,1
REVENUESHARES NAVELLIER OVERALL A-100 FUND ETF,RWV,US Equity ETF,_
REVENUESHARES SMALL CAP FUND ETF,RWJ,US Equity ETF,1
RussellETF 1000 High Beta ETF,HBTA,US Equity ETF,_
RussellETF 1000 High Momentum ETF,HMTM,US Equity ETF,_
RussellETF 1000 High Volatility ETF,HVOL,US Equity ETF,_
RussellETF 1000 Low Beta ETF,LBTA,US Equity ETF,_
RussellETF 1000 Low Volatility ETF,LVOL,US Equity ETF,_
RussellETF 2000 High Beta ETF,SHBT,US Equity ETF,_
RussellETF 2000 High Momentum ETF,SHMO,US Equity ETF,_
RussellETF 2000 High Volatility ETF,SHVY,US Equity ETF,_
RussellETF 2000 Low Beta ETF,SLBT,US Equity ETF,_
RussellETF 2000 Low Volatility ETF,SLVY,US Equity ETF,_
RussellETF Aggressive Growth ETF,AGRG,US Equity ETF,_
RussellETF Consistent Growth ETF,CONG,US Equity ETF,_
RussellETF Contrarian ETF,CNTR,US Equity ETF,_
RussellETF Developed ex-U.S. High Momentum ETF,XHMO,Global Equity ETF,_
RussellETF Developed ex-U.S. Low Beta ETF,XLBT,Global Equity ETF,_
RussellETF Developed ex-U.S. Low Volatility ETF,XLVO,Global Equity ETF,_
RussellETF Equity ETF,ONEF,US Equity ETF,_
RussellETF Equity Income ETF,EQIN,US Equity ETF,_
RussellETF Growth at a Reasonable Price ETF,GRPC,US Equity ETF,_
RussellETF Low P/E ETF,LWPE,US Equity ETF,_
RussellETF Small Cap Aggressive Growth ETF,SGGG,US Equity ETF,_
RussellETF Small Cap Consistent Growth ETF,SCOG,US Equity ETF,_
RussellETF Small Cap Contrarian ETF,SCTR,US Equity ETF,_
RussellETF Small Cap Low P/E ETF,SCLP,US Equity ETF,_
Rydex 2x S&P 500 ETF ETF,RSU,Commodity Based ETF,1
Rydex CurrencyShares Australian Dollar Trust ETF,FXA,Commodity Based ETF,_
Rydex CurrencyShares British Pound Sterling Trust ETF,FXB,Commodity Based ETF,_
Rydex CurrencyShares Canadian Dollar Trust ETF,FXC,Commodity Based ETF,_
Rydex CurrencyShares Chinese Renminbi Trust ETF,FXCH,Commodity Based ETF,_
Rydex CurrencyShares Euro Currency Trust ETF,FXE,Commodity Based ETF,_
Rydex CurrencyShares Japanese Yen Trust ETF,FXY,Commodity Based ETF,_
Rydex CurrencyShares Mexican Peso Trust ETF,FXM,Commodity Based ETF,_
Rydex CurrencyShares Russian Ruble Trust ETF,FXRU,Commodity Based ETF,_
Rydex CurrencyShares Swedish Krona Trust ETF,FXS,Commodity Based ETF,_
Rydex CurrencyShares Swiss Franc Trust ETF,FXF,Commodity Based ETF,_
Rydex Inverse 2x S&P 500 ETF,RSW,Commodity Based ETF,1
Rydex MSCI All Country World (ACWI) Equal Weight ETF,EWAC,Global Equity ETF,_
Rydex MSCI EAFE Equal Weight ETF,EWEF,Global Equity ETF,_
Rydex MSCI Emerging Markets Equal Weight ETF,EWEM,Global Equity ETF,_
Rydex Russell 1000® Equal Weight ETF,EWRI,US Equity ETF,_
Rydex Russell 2000® Equal Weight ETF,EWRS,US Equity ETF,_
Rydex Russell MidCap® Equal Weight ETF,EWRM,US Equity ETF,_
Rydex Russell Top 50® ETF,XLG,US Equity ETF,_
Rydex S&P 500 Pure Growth ETF,RPG,US Equity ETF,1
Rydex S&P 500 Pure Value ETF,RPV,US Equity ETF,1
Rydex S&P Equal Weight Consumer Discretionary ETF,RCD,US Equity ETF,_
Rydex S&P Equal Weight Consumer Staples ETF,RHS,US Equity ETF,_
Rydex S&P Equal Weight Energy ETF,RYE,US Equity ETF,_
Rydex S&P Equal Weight ETF,RSP,US Equity ETF,2
Rydex S&P Equal Weight Financial ETF,RYF,US Equity ETF,_
Rydex S&P Equal Weight Health Care ETF,RYH,US Equity ETF,_
Rydex S&P Equal Weight Industrials ETF,RGI,US Equity ETF,_
Rydex S&P Equal Weight Materials ETF,RTM,US Equity ETF,_
Rydex S&P Equal Weight Technology ETF,RYT,US Equity ETF,_
Rydex S&P Equal Weight Utilities ETF,RYU,US Equity ETF,_
Rydex S&P MidCap 400 Equal Weight ETF,EWMD,US Equity ETF,_
Rydex S&P MidCap 400 Pure Growth ETF,RFG,US Equity ETF,1
Rydex S&P MidCap 400 Pure Value ETF,RFV,US Equity ETF,_
Rydex S&P SmallCap 600 Equal Weight ETF,EWSM,US Equity ETF,_
Rydex S&P SmallCap 600 Pure Growth ETF,RZG,US Equity ETF,_
Rydex S&P SmallCap 600 Pure Value ETF,RZV,US Equity ETF,1
Schwab Emerging Markets Equity ETF,SCHE,Global Equity ETF,_
Schwab Intermediate-Term U.S. Treasury ETF,SCHR,Fixed Income ETF,_
Schwab International Equity ETF,SCHF,Global Equity ETF,_
Schwab International Small-Cap Equity ETF,SCHC,Global Equity ETF,_
Schwab Short-Term U.S. Treasury ETF,SCHO,Fixed Income ETF,_
Schwab U.S. Aggregate Bond ETF,SCHZ,Fixed Income ETF,_
Schwab U.S. Broad Market ETF,SCHB,US Equity ETF,_
Schwab U.S. Dividend Equity ETF,SCHD,US Equity ETF,_
Schwab U.S. Large-Cap ETF,SCHX,US Equity ETF,_
Schwab U.S. Large-Cap Growth ETF,SCHG,US Equity ETF,_
Schwab U.S. Large-Cap Value ETF,SCHV,US Equity ETF,_
Schwab U.S. Mid Cap ETF,SCHM,US Equity ETF,_
Schwab U.S. REIT ETF,SCHH,US Equity ETF,_
Schwab U.S. Small-Cap ETF,SCHA,US Equity ETF,_
Schwab U.S. TIPS ETF,SCHP,Fixed Income ETF,_
SPDR Barclays Capital 1-3 Month T-Bill ETF,BIL,Fixed Income ETF,_
SPDR Barclays Capital Aggregate Bond ETF,LAG,Fixed Income ETF,_
SPDR Barclays Capital California Municipal Bond ETF,CXA,Fixed Income ETF,_
SPDR Barclays Capital Convertible Bond ETF,CWB,Fixed Income ETF,_
SPDR Barclays Capital Emerging Markets Local Bond ETF,EBND,Fixed Income ETF,_
SPDR Barclays Capital High Yield Bond ETF,JNK,Fixed Income ETF,_
SPDR Barclays Capital Intermediate Term Credit Bond ETF,ITR,Fixed Income ETF,_
SPDR Barclays Capital Intermediate Term Treasury ETF,ITE,Fixed Income ETF,_
SPDR Barclays Capital International Corporate Bond ETF,IBND,Fixed Income ETF,_
SPDR Barclays Capital International Treasury Bond ETF,BWX,Fixed Income ETF,_
SPDR Barclays Capital Investment Grade Floating Rate ETF,FLRN,Commodity Based ETF,_
SPDR Barclays Capital Issuer Scored Corporate Bond ETF,CBND,Fixed Income ETF,_
SPDR Barclays Capital Long Term Credit Bond ETF,LWC,Fixed Income ETF,_
SPDR Barclays Capital Long Term Treasury ETF,TLO,Fixed Income ETF,_
SPDR Barclays Capital Mortgage Backed Bond ETF,MBG,Fixed Income ETF,_
SPDR Barclays Capital Municipal Bond ETF,TFI,Fixed Income ETF,_
SPDR Barclays Capital New York Municipal Bond ETF,INY,Fixed Income ETF,_
SPDR Barclays Capital Short Term Corporate Bond ETF,SCPB,Fixed Income ETF,_
SPDR Barclays Capital Short Term International Treasury Bond ETF,BWZ,Fixed Income ETF,_
SPDR Barclays Capital Short Term Municipal Bond ETF,SHM,Fixed Income ETF,_
SPDR Barclays Capital Short Term Treasury ETF,SST,Fixed Income ETF,_
SPDR Barclays Capital TIPS ETF,IPE,Fixed Income ETF,_
SPDR Consumer Discretionary Select Sector Fund ETF,XLY,US Equity ETF,2
SPDR Consumer Staples Select Sector Fund ETF,XLP,US Equity ETF,2
SPDR DB International Government Inflation-Protected Bond ETF,WIP,Fixed Income ETF,_
SPDR DJ EURO STOXX 50 ETF,FEZ,Global Equity ETF,_
SPDR DJ Global Titans ETF,DGT,Global Equity ETF,_
SPDR DJ STOXX 50 ETF,FEU,Global Equity ETF,_
SPDR Dow Jones Global Real Estate ETF,RWO,Global Equity ETF,_
SPDR Dow Jones Industrial Average ETF,DIA,US Equity ETF,2
SPDR Dow Jones International Real Estate ETF,RWX,Global Equity ETF,_
SPDR Dow Jones Large Cap ETF,ELR,US Equity ETF,_
SPDR Dow Jones Mid Cap ETF,EMM,US Equity ETF,_
SPDR Dow Jones REIT ETF,RWR,US Equity ETF,2
SPDR Dow Jones Total Market ETF,TMW,US Equity ETF,_
SPDR Energy Select Sector Fund ETF,XLE,US Equity ETF,2
SPDR Financial Select Sector Fund ETF,XLF,US Equity ETF,2
SPDR FTSE/Macquarie Global Infrastructure 100 ETF,GII,Global Equity ETF,_
SPDR Gold Shares ETF,GLD,Commodity Based ETF,_
SPDR Health Care Select Sector Fund ETF,XLV,US Equity ETF,2
SPDR Industrial Select Sector Fund ETF,XLI,US Equity ETF,2
SPDR KBW Bank ETF,KBE,US Equity ETF,2
SPDR KBW Capital Markets ETF,KCE,US Equity ETF,1
SPDR KBW Insurance ETF,KIE,US Equity ETF,2
SPDR KBW Mortgage Finance ETF,KME,US Equity ETF,_
SPDR KBW Regional Banking ETF,KRE,US Equity ETF,2
SPDR Materials Select Sector Fund ETF,XLB,US Equity ETF,2
SPDR Morgan Stanley Technology ETF,MTK,US Equity ETF,_
SPDR MSCI ACWI ex-US ETF,CWI,Global Equity ETF,_
SPDR Nuveen Barclays Capital Build America Bond ETF,BABS,Fixed Income ETF,_
SPDR Nuveen S&P High Yield Municipal Bond ETF,HYMB,Fixed Income ETF,_
SPDR Russell/Nomura PRIME Japan ETF,JPP,Global Equity ETF,_
SPDR Russell/Nomura Small Cap Japan ETF,JSC,Global Equity ETF,_
SPDR S&P 400 Mid Cap Growth ETF (MDYG) ETF,MDYG,US Equity ETF,_
SPDR S&P 400 Mid Cap Value ETF (MDYV) ETF,MDYV,US Equity ETF,_
SPDR S&P 500 ETF,SPY,US Equity ETF,2
SPDR S&P 500 Growth ETF,SPYG,US Equity ETF,_
SPDR S&P 500 Value ETF (SPYV) ETF,SPYV,US Equity ETF,_
SPDR S&P 600 Small Cap ETF (SLY) ETF,SLY,US Equity ETF,_
SPDR S&P 600 Small Cap Value ETF (SLYG) ETF,SLYG,US Equity ETF,_
SPDR S&P 600 Small Cap Value ETF (SLYV) ETF,SLYV,US Equity ETF,_
SPDR S&P Aerospace & Defense ETF,XAR,US Equity ETF,_
SPDR S&P Biotech ETF,XBI,US Equity ETF,1
SPDR S&P BRIC 40 ETF,BIK,Global Equity ETF,_
SPDR S&P China ETF,GXC,Global Equity ETF,_
SPDR S&P Dividend ETF,SDY,US Equity ETF,2
SPDR S&P Emerging Asia Pacific ETF,GMF,Global Equity ETF,_
SPDR S&P Emerging Europe ETF,GUR,Global Equity ETF,_
SPDR S&P Emerging Latin America ETF,GML,Global Equity ETF,_
SPDR S&P Emerging Markets Dividend ETF,EDIV,Global Equity ETF,_
SPDR S&P Emerging Markets ETF,GMM,Global Equity ETF,_
SPDR S&P Emerging Markets Small Cap ETF,EWX,Global Equity ETF,_
SPDR S&P Emerging Middle East & Africa ETF,GAF,Global Equity ETF,_
SPDR S&P Global Natural Resources ETF,GNR,Global Equity ETF,_
SPDR S&P Health Care Services ETF,XHS,US Equity ETF,_
SPDR S&P Healthcare Equipment ETF,XHE,US Equity ETF,_
SPDR S&P Homebuilders ETF,XHB,US Equity ETF,2
SPDR S&P International Consumer Discretionary Sector ETF,IPD,Global Equity ETF,_
SPDR S&P International Consumer Staples Sector ETF,IPS,Global Equity ETF,_
SPDR S&P International Dividend ETF,DWX,Global Equity ETF,_
SPDR S&P International Energy Sector ETF,IPW,Global Equity ETF,_
SPDR S&P International Financial Sector ETF,IPF,Global Equity ETF,_
SPDR S&P International Health Care Sector ETF,IRY,Global Equity ETF,_
SPDR S&P International Industrial Sector ETF,IPN,Global Equity ETF,_
SPDR S&P International Materials Sector ETF,IRV,Global Equity ETF,_
SPDR S&P International Mid Cap ETF,MDD,Global Equity ETF,_
SPDR S&P International Small Cap ETF,GWX,Global Equity ETF,_
SPDR S&P International Technology Sector ETF,IPK,Global Equity ETF,_
SPDR S&P International Telecommunications Sector ETF,IST,Global Equity ETF,_
SPDR S&P International Utilities Sector ETF,IPU,Global Equity ETF,_
SPDR S&P Metals and Mining ETF,XME,US Equity ETF,2
SPDR S&P MidCap 400 ETF,MDY,US Equity ETF,2
SPDR S&P Oil & Gas Equipment & Services ETF,XES,US Equity ETF,1
SPDR S&P Oil & Gas Exploration & Production ETF,XOP,US Equity ETF,2
SPDR S&P Pharmaceuticals ETF,XPH,US Equity ETF,1
SPDR S&P Retail ETF,XRT,US Equity ETF,2
SPDR S&P Russia ETF,RBL,Global Equity ETF,_
SPDR S&P Semiconductor ETF,XSD,US Equity ETF,1
SPDR S&P Software & Services ETF,XSW,US Equity ETF,_
SPDR S&P Telecom ETF,XTL,US Equity ETF,_
SPDR S&P Transportation ETF,XTN,US Equity ETF,_
SPDR S&P VRDO Municipal Bond ETF,VRD,Fixed Income ETF,_
SPDR S&P World ex-US ETF,GWL,Global Equity ETF,_
SPDR Technology Select Sector Fund ETF,XLK,US Equity ETF,2
SPDR Utilities Select Sector Fund ETF,XLU,US Equity ETF,2
SPDR Wells Fargo Preferred Stock ETF,PSK,Fixed Income ETF - Equity,_
Teucrium CANE Fund ETF,CANE,Commodity Based ETF,_
Teucrium Corn Fund ETF,CORN,Commodity Based ETF,_
Teucrium Crude Oil Fund ETF,CRUD,Commodity Based ETF,_
Teucrium Natural Gas Fund ETF,NAGS,Commodity Based ETF,_
Teucrium Soybean Fund ETF,SOYB,Commodity Based ETF,_
Teucrium Wheat Fund ETF,WEAT,Commodity Based ETF,_
United States 12 Month Natural Gas Fund LP ETF,UNL,Commodity Based ETF,_
United States 12 Month Oil ETF,USL,Commodity Based ETF,_
United States Brent Oil Fund LP ETF,BNO,Commodity Based ETF,_
United States Commodity Index Fund ETF,USCI,Commodity Based ETF,__
United States Copper ETF,CPER,Commodity Based ETF,_
United States Gasoline Fund LP ETF,UGA,Commodity Based ETF,_
United States Heating Oil Fund LP ETF,UHN,Commodity Based ETF,_
United States Natural Gas Fund LP ETF,UNG,Commodity Based ETF,_
United States Oil Fund ETF,USO,Commodity Based ETF,_
United States Short Oil Fund LP ETF,DNO,Commodity Based ETF,_
Vanguard Consumer Discretion ETF - DNQ ETF,VCR,US Equity ETF,_
Vanguard Consumer Staples ETF - DNQ ETF,VDC,US Equity ETF,_
Vanguard Div Appreciation ETF - DNQ ETF,VIG,US Equity ETF,_
Vanguard Emerging Markets ETF,VWO,Global Equity ETF,_
Vanguard Energy ETF,VDE,US Equity ETF,_
Vanguard Europe Pacific ETF,VEA,Global Equity ETF,_
Vanguard European ETF,VGK,Global Equity ETF,_
Vanguard Extended Duration Treasury ETF,EDV,Fixed Income ETF,_
Vanguard Extended Market ETF,VXF,US Equity ETF,_
Vanguard Financials ETF - DNQ ETF,VFH,US Equity ETF,_
Vanguard FTSE All World Ex US ETF,VEU,Global Equity ETF,_
Vanguard FTSE All-World ex-US Small-Cap ETF,VSS,Global Equity ETF,_
Vanguard Global ex-U.S. Real Estate ETF,VNQI,Global Equity ETF,_
Vanguard Growth ETF,VUG,US Equity ETF,_
Vanguard Health Care ETF - DNQ ETF,VHT,US Equity ETF,_
Vanguard High Dividend Yield ETF,VYM,US Equity ETF,_
Vanguard Industrials ETF - DNQ ETF,VIS,US Equity ETF,_
Vanguard Information Tech ETF - DNQ ETF,VGT,US Equity ETF,_
Vanguard Intermediate-Term Bond ETF,BIV,Fixed Income ETF,_
Vanguard Intermediate-Term Corporate Bond ETF,VCIT,Fixed Income ETF,_
Vanguard Intermediate-Term Government Bond ETF,VGIT,Fixed Income ETF,_
Vanguard Large-Cap ETF,VV,US Equity ETF,_
Vanguard Long-Term Bond ETF,BLV,Fixed Income ETF,_
Vanguard Long-Term Corporate Bond ETF,VCLT,Fixed Income ETF,_
Vanguard Long-Term Government Bond ETF,VGLT,Fixed Income ETF,_
Vanguard Materials ETF - DNQ ETF,VAW,US Equity ETF,_
Vanguard Mega Cap 300 ETF,MGC,US Equity ETF,_
Vanguard Mega Cap 300 Growth ETF,MGK,US Equity ETF,_
Vanguard Mega Cap 300 Value ETF,MGV,US Equity ETF,_
Vanguard Mid-Cap ETF,VO,US Equity ETF,_
Vanguard Mid-Cap Growth ETF,VOT,US Equity ETF,_
Vanguard Mid-Cap Value ETF,VOE,US Equity ETF,_
Vanguard Mortgage-Backed Securities ETF,VMBS,Fixed Income ETF,_
Vanguard Pacific ETF,VPL,Global Equity ETF,_
Vanguard REIT ETF - DNQ ETF,VNQ,US Equity ETF,_
Vanguard Russell 1000 ETF,VONE,US Equity ETF,_
Vanguard Russell 1000 Growth ETF,VONG,US Equity ETF,_
Vanguard Russell 1000 Value ETF,VONV,US Equity ETF,_
Vanguard Russell 2000 ETF,VTWO,US Equity ETF,_
Vanguard Russell 2000 Growth ETF,VTWG,US Equity ETF,_
Vanguard Russell 2000 Value ETF,VTWV,US Equity ETF,_
Vanguard Russell 3000 ETF,VTHR,US Equity ETF,_
Vanguard S&P 500 ETF,VOO,US Equity ETF,_
Vanguard S&P 500 Growth ETF,VOOG,US Equity ETF,_
Vanguard S&P 500 Value ETF,VOOV,US Equity ETF,_
Vanguard S&P Mid-Cap 400 ETF,IVOO,US Equity ETF,_
Vanguard S&P Mid-Cap 400 Growth ETF,IVOG,US Equity ETF,_
Vanguard S&P Mid-Cap 400 Value ETF,IVOV,US Equity ETF,_
Vanguard S&P Small-Cap 600 ETF,VIOO,US Equity ETF,_
Vanguard S&P Small-Cap 600 Growth ETF,VIOG,US Equity ETF,_
Vanguard S&P Small-Cap 600 Value ETF,VIOV,US Equity ETF,_
Vanguard Short-Term Bond ETF,BSV,Fixed Income ETF,_
Vanguard Short-Term Corporate Bond ETF,VCSH,Fixed Income ETF,_
Vanguard Short-Term Government Bond ETF,VGSH,Fixed Income ETF,_
Vanguard Small-Cap ETF,VB,US Equity ETF,_
Vanguard Small-Cap Growth ETF,VBK,US Equity ETF,_
Vanguard Small-Cap Value ETF,VBR,US Equity ETF,_
Vanguard Telecom ETF - DNQ ETF,VOX,US Equity ETF,_
Vanguard Total Bond Market ETF,BND,Fixed Income ETF,_
Vanguard Total International Stock ETF,VXUS,Global Equity ETF,_
Vanguard Total Stock Market ETF,VTI,US Equity ETF,_
Vanguard Total World Stock ETF,VT,Global Equity ETF,_
Vanguard Utilities ETF - DNQ ETF,VPU,US Equity ETF,_
Vanguard Value ETF,VTV,US Equity ETF,_
VelocityShares 2x Inverse Palladium ETN,IPAL,ETN,_
VelocityShares 2x Inverse Palladium ETN,IPAL,ETN,_
VelocityShares 2x Inverse Platinum ETN,IPLT,ETN,_
VelocityShares 2x Inverse Platinum ETN,IPLT,ETN,_
VelocityShares 2x Long Palladium ETN,LPAL,ETN,_
VelocityShares 2x Long Palladium ETN,LPAL,ETN,_
VelocityShares 2x Long Platinum ETN,LPLT,ETN,_
VelocityShares 2x Long Platinum ETN,LPLT,ETN,_
VelocityShares 3x Inverse Gold ETN,DGLD,ETN,_
VelocityShares 3x Inverse Gold ETN,DGLD,ETN,_
VelocityShares 3x Inverse Silver ETN,DSLV,ETN,_
VelocityShares 3x Inverse Silver ETN,DSLV,ETN,_
VelocityShares 3x Long Gold ETN,UGLD,ETN,_
VelocityShares 3x Long Gold ETN,UGLD,ETN,_
VelocityShares 3x Long Silver ETN,USLV,ETN,_
VelocityShares 3x Long Silver ETN,USLV,ETN,_
VelocityShares Daily 2X VIX Medium-Term ETN,TVIZ,ETN,_
VelocityShares Daily 2X VIX Short-Term ETN,TVIX,ETN,_
VelocityShares Daily Inverse VIX Medium-Term ETN,ZIV,ETN,_
VelocityShares Daily Inverse VIX Short-Term ETN,XIV,ETN,_
VelocityShares Daily Long VIX Medium-Term ETN,VIIZ,ETN,_
VelocityShares Daily Long VIX Short-Term ETN,VIIX,ETN,_
WisdomTree Asia Local Debt Fund ETF,ALD,Fixed Income ETF,_
WisdomTree Asia Pacific ex-Japan Fund ETF,AXJL,Global Equity ETF,_
WisdomTree Australia & New Zealand Debt Fund,AUNZ,Fixed Income ETF,_
WisdomTree Australia Dividend Fund ETF,AUSE,Global Equity ETF,_
WisdomTree Commodity Country Equity Fund ETF,CCXE,Global Equity ETF,_
WisdomTree DEFA Fund ETF,DWM,Global Equity ETF,_
WisdomTree DEFA High-Yielding Equity Fund ETF,DTH,Global Equity ETF,_
WisdomTree Dividend Top 100 Fund ETF,DTN,US Equity ETF,1
WisdomTree Dreyfus Brazilian Real Fund ETF,BZF,Commodity Based ETF,_
WisdomTree Dreyfus Chinese Yuan Fund ETF,CYB,Commodity Based ETF,_
WisdomTree Dreyfus Commodity Currency Fund ETF,CCX,Commodity Based ETF,_
WisdomTree Dreyfus Euro Fund ETF,EU,Commodity Based ETF,_
WisdomTree Dreyfus Indian Rupee Fund ETF,ICN,Commodity Based ETF,_
WisdomTree Dreyfus Japanese Yen Fund ETF,JYF,Commodity Based ETF,_
WisdomTree Dreyfus South African Rand Fund ETF,SZR,Commodity Based ETF,_
WisdomTree Earnings 500 Fund ETF,EPS,US Equity ETF,_
WisdomTree Emerging Market SmallCap Fund ETF,DGS,Global Equity ETF,_
WisdomTree Emerging Markets High-Yielding Fund ETF,DEM,Global Equity ETF,_
WisdomTree Emerging Markets Local Debt Fund ETF,ELD,Fixed Income ETF,_
WisdomTree Europe High-Yielding Equity Fund ETF,DEW,Global Equity ETF,_
WisdomTree Europe SmallCap Dividend Fund ETF,DFE,Global Equity ETF,_
WisdomTree Global ex-U.S. Growth Fund ETF,DNL,Global Equity ETF,_
WisdomTree Global ex-U.S. Real Estate Fund ETF,DRW,Global Equity ETF,_
WisdomTree Global ex-U.S. Utility Fund ETF,DBU,Global Equity ETF,_
WisdomTree Global Natural Resources Fund ETF,GNAT,Global Equity ETF,_
WisdomTree Global Real Return Fund ETF,RRF,Commodity Based ETF,_
WisdomTree High-Yielding Equity Fund ETF,DHS,US Equity ETF,2
WisdomTree India Earnings Fund ETF,EPI,Global Equity ETF,_
WisdomTree International Dividend Top 100 Fund ETF,DOO,Global Equity ETF,_
WisdomTree International Hedged Equity Fund ETF,HEDJ,Global Equity ETF,_
WisdomTree International LargeCap Dividend Fund ETF,DOL,Global Equity ETF,_
WisdomTree International MidCap Dividend Fund ETF,DIM,Global Equity ETF,_
WisdomTree International SmallCap Fund ETF,DLS,Global Equity ETF,_
WisdomTree Japan SmallCap Fund ETF,DFJ,Global Equity ETF,_
WisdomTree Japan Total Dividend Fund ETF,DXJ,Global Equity ETF,_
WisdomTree LargeCap Dividend Fund ETF,DLN,US Equity ETF,2
WisdomTree LargeCap Growth Fund ETF,ROI,US Equity ETF,_
WisdomTree Low P/E Fund ETF,EZY,US Equity ETF,_
WisdomTree Managed Futures Strategy Fund ETF,WDTI,Commodity Based ETF,_
WisdomTree MidCap Dividend Fund ETF,DON,US Equity ETF,1
WisdomTree MidCap Earnings Fund ETF,EZM,US Equity ETF,_
WisdomTree Middle East Dividend ETF,GULF,Global Equity ETF,_
WisdomTree SmallCap Earnings Fund ETF,EES,US Equity ETF,_
WisdomTree Total Dividend Fund ETF,DTD,US Equity ETF,_
WisdomTree Total Earnings Fund ETF,EXT,US Equity ETF,_
WisdomTree Trust SmallCap Dividend Fund ETF,DES,US Equity ETF,1
